profile_id,city,scenario,bin_lo,bin_hi,count,density,mean_loss,p99_brut,p99_theta,tail_ratio,output_mean,crisis_pct
P1,Frankfurt,baseline,0,100,0,0.0,601.1577,924.01,924.01,1.5371,1398.8422,0.08
P1,Frankfurt,baseline,100,200,0,0.0,601.1577,924.01,924.01,1.5371,1398.8422,0.08
P1,Frankfurt,baseline,200,300,32,3.2e-05,601.1577,924.01,924.01,1.5371,1398.8422,0.08
P1,Frankfurt,baseline,300,400,455,0.000455,601.1577,924.01,924.01,1.5371,1398.8422,0.08
P1,Frankfurt,baseline,400,500,1709,0.001709,601.1577,924.01,924.01,1.5371,1398.8422,0.08
P1,Frankfurt,baseline,500,600,2933,0.002933,601.1577,924.01,924.01,1.5371,1398.8422,0.08
P1,Frankfurt,baseline,600,700,2673,0.002673,601.1577,924.01,924.01,1.5371,1398.8422,0.08
P1,Frankfurt,baseline,700,800,1545,0.001545,601.1577,924.01,924.01,1.5371,1398.8422,0.08
P1,Frankfurt,baseline,800,900,512,0.000512,601.1577,924.01,924.01,1.5371,1398.8422,0.08
P1,Frankfurt,baseline,900,1000,116,0.000116,601.1577,924.01,924.01,1.5371,1398.8422,0.08
P1,Frankfurt,baseline,1000,1100,23,2.3e-05,601.1577,924.01,924.01,1.5371,1398.8422,0.08
P1,Frankfurt,baseline,1100,1200,2,2e-06,601.1577,924.01,924.01,1.5371,1398.8422,0.08
P1,Frankfurt,baseline,1200,1300,0,0.0,601.1577,924.01,924.01,1.5371,1398.8422,0.08
P1,Frankfurt,baseline,1300,1400,0,0.0,601.1577,924.01,924.01,1.5371,1398.8422,0.08
P1,Frankfurt,baseline,1400,1500,0,0.0,601.1577,924.01,924.01,1.5371,1398.8422,0.08
P1,Frankfurt,baseline,1500,1600,0,0.0,601.1577,924.01,924.01,1.5371,1398.8422,0.08
P1,Frankfurt,baseline,1600,1700,0,0.0,601.1577,924.01,924.01,1.5371,1398.8422,0.08
P1,Frankfurt,baseline,1700,1800,0,0.0,601.1577,924.01,924.01,1.5371,1398.8422,0.08
P1,Frankfurt,baseline,1800,1900,0,0.0,601.1577,924.01,924.01,1.5371,1398.8422,0.08
P1,Frankfurt,G0,0,100,14,1.4e-05,572.918,1699.0,2123.75,2.9655,1783.8525,0.08
P1,Frankfurt,G0,100,200,896,0.000896,572.918,1699.0,2123.75,2.9655,1783.8525,0.08
P1,Frankfurt,G0,200,300,876,0.000876,572.918,1699.0,2123.75,2.9655,1783.8525,0.08
P1,Frankfurt,G0,300,400,1838,0.001838,572.918,1699.0,2123.75,2.9655,1783.8525,0.08
P1,Frankfurt,G0,400,500,1595,0.001595,572.918,1699.0,2123.75,2.9655,1783.8525,0.08
P1,Frankfurt,G0,500,600,1114,0.001114,572.918,1699.0,2123.75,2.9655,1783.8525,0.08
P1,Frankfurt,G0,600,700,1307,0.001307,572.918,1699.0,2123.75,2.9655,1783.8525,0.08
P1,Frankfurt,G0,700,800,677,0.000677,572.918,1699.0,2123.75,2.9655,1783.8525,0.08
P1,Frankfurt,G0,800,900,385,0.000385,572.918,1699.0,2123.75,2.9655,1783.8525,0.08
P1,Frankfurt,G0,900,1000,317,0.000317,572.918,1699.0,2123.75,2.9655,1783.8525,0.08
P1,Frankfurt,G0,1000,1100,123,0.000123,572.918,1699.0,2123.75,2.9655,1783.8525,0.08
P1,Frankfurt,G0,1100,1200,77,7.7e-05,572.918,1699.0,2123.75,2.9655,1783.8525,0.08
P1,Frankfurt,G0,1200,1300,75,7.5e-05,572.918,1699.0,2123.75,2.9655,1783.8525,0.08
P1,Frankfurt,G0,1300,1400,93,9.3e-05,572.918,1699.0,2123.75,2.9655,1783.8525,0.08
P1,Frankfurt,G0,1400,1500,134,0.000134,572.918,1699.0,2123.75,2.9655,1783.8525,0.08
P1,Frankfurt,G0,1500,1600,181,0.000181,572.918,1699.0,2123.75,2.9655,1783.8525,0.08
P1,Frankfurt,G0,1600,1700,195,0.000195,572.918,1699.0,2123.75,2.9655,1783.8525,0.08
P1,Frankfurt,G0,1700,1800,100,0.0001,572.918,1699.0,2123.75,2.9655,1783.8525,0.08
P1,Frankfurt,G0,1800,1900,3,3e-06,572.918,1699.0,2123.75,2.9655,1783.8525,0.08
P1,Frankfurt,G1,0,100,0,0.0,592.5322,1548.0,1857.6,2.6125,1688.9613,0.08
P1,Frankfurt,G1,100,200,163,0.000163,592.5322,1548.0,1857.6,2.6125,1688.9613,0.08
P1,Frankfurt,G1,200,300,921,0.000921,592.5322,1548.0,1857.6,2.6125,1688.9613,0.08
P1,Frankfurt,G1,300,400,1650,0.00165,592.5322,1548.0,1857.6,2.6125,1688.9613,0.08
P1,Frankfurt,G1,400,500,1763,0.001763,592.5322,1548.0,1857.6,2.6125,1688.9613,0.08
P1,Frankfurt,G1,500,600,1740,0.00174,592.5322,1548.0,1857.6,2.6125,1688.9613,0.08
P1,Frankfurt,G1,600,700,1303,0.001303,592.5322,1548.0,1857.6,2.6125,1688.9613,0.08
P1,Frankfurt,G1,700,800,829,0.000829,592.5322,1548.0,1857.6,2.6125,1688.9613,0.08
P1,Frankfurt,G1,800,900,462,0.000462,592.5322,1548.0,1857.6,2.6125,1688.9613,0.08
P1,Frankfurt,G1,900,1000,256,0.000256,592.5322,1548.0,1857.6,2.6125,1688.9613,0.08
P1,Frankfurt,G1,1000,1100,120,0.00012,592.5322,1548.0,1857.6,2.6125,1688.9613,0.08
P1,Frankfurt,G1,1100,1200,90,9e-05,592.5322,1548.0,1857.6,2.6125,1688.9613,0.08
P1,Frankfurt,G1,1200,1300,110,0.00011,592.5322,1548.0,1857.6,2.6125,1688.9613,0.08
P1,Frankfurt,G1,1300,1400,177,0.000177,592.5322,1548.0,1857.6,2.6125,1688.9613,0.08
P1,Frankfurt,G1,1400,1500,208,0.000208,592.5322,1548.0,1857.6,2.6125,1688.9613,0.08
P1,Frankfurt,G1,1500,1600,169,0.000169,592.5322,1548.0,1857.6,2.6125,1688.9613,0.08
P1,Frankfurt,G1,1600,1700,39,3.9e-05,592.5322,1548.0,1857.6,2.6125,1688.9613,0.08
P1,Frankfurt,G1,1700,1800,0,0.0,592.5322,1548.0,1857.6,2.6125,1688.9613,0.08
P1,Frankfurt,G1,1800,1900,0,0.0,592.5322,1548.0,1857.6,2.6125,1688.9613,0.08
P1,Frankfurt,G2,0,100,0,0.0,587.7687,1302.06,1458.3072,2.2153,1581.699,0.08
P1,Frankfurt,G2,100,200,10,1e-05,587.7687,1302.06,1458.3072,2.2153,1581.699,0.08
P1,Frankfurt,G2,200,300,372,0.000372,587.7687,1302.06,1458.3072,2.2153,1581.699,0.08
P1,Frankfurt,G2,300,400,1339,0.001339,587.7687,1302.06,1458.3072,2.2153,1581.699,0.08
P1,Frankfurt,G2,400,500,2225,0.002225,587.7687,1302.06,1458.3072,2.2153,1581.699,0.08
P1,Frankfurt,G2,500,600,2255,0.002255,587.7687,1302.06,1458.3072,2.2153,1581.699,0.08
P1,Frankfurt,G2,600,700,1646,0.001646,587.7687,1302.06,1458.3072,2.2153,1581.699,0.08
P1,Frankfurt,G2,700,800,824,0.000824,587.7687,1302.06,1458.3072,2.2153,1581.699,0.08
P1,Frankfurt,G2,800,900,406,0.000406,587.7687,1302.06,1458.3072,2.2153,1581.699,0.08
P1,Frankfurt,G2,900,1000,196,0.000196,587.7687,1302.06,1458.3072,2.2153,1581.699,0.08
P1,Frankfurt,G2,1000,1100,152,0.000152,587.7687,1302.06,1458.3072,2.2153,1581.699,0.08
P1,Frankfurt,G2,1100,1200,228,0.000228,587.7687,1302.06,1458.3072,2.2153,1581.699,0.08
P1,Frankfurt,G2,1200,1300,234,0.000234,587.7687,1302.06,1458.3072,2.2153,1581.699,0.08
P1,Frankfurt,G2,1300,1400,98,9.8e-05,587.7687,1302.06,1458.3072,2.2153,1581.699,0.08
P1,Frankfurt,G2,1400,1500,15,1.5e-05,587.7687,1302.06,1458.3072,2.2153,1581.699,0.08
P1,Frankfurt,G2,1500,1600,0,0.0,587.7687,1302.06,1458.3072,2.2153,1581.699,0.08
P1,Frankfurt,G2,1600,1700,0,0.0,587.7687,1302.06,1458.3072,2.2153,1581.699,0.08
P1,Frankfurt,G2,1700,1800,0,0.0,587.7687,1302.06,1458.3072,2.2153,1581.699,0.08
P1,Frankfurt,G2,1800,1900,0,0.0,587.7687,1302.06,1458.3072,2.2153,1581.699,0.08
P2,London,baseline,0,100,0,0.0,400.912,635.01,635.01,1.5839,1599.088,0.08
P2,London,baseline,100,200,80,8e-05,400.912,635.01,635.01,1.5839,1599.088,0.08
P2,London,baseline,200,300,1342,0.001342,400.912,635.01,635.01,1.5839,1599.088,0.08
P2,London,baseline,300,400,3683,0.003683,400.912,635.01,635.01,1.5839,1599.088,0.08
P2,London,baseline,400,500,3366,0.003366,400.912,635.01,635.01,1.5839,1599.088,0.08
P2,London,baseline,500,600,1255,0.001255,400.912,635.01,635.01,1.5839,1599.088,0.08
P2,London,baseline,600,700,247,0.000247,400.912,635.01,635.01,1.5839,1599.088,0.08
P2,London,baseline,700,800,25,2.5e-05,400.912,635.01,635.01,1.5839,1599.088,0.08
P2,London,baseline,800,900,1,1e-06,400.912,635.01,635.01,1.5839,1599.088,0.08
P2,London,baseline,900,1000,1,1e-06,400.912,635.01,635.01,1.5839,1599.088,0.08
P2,London,baseline,1000,1100,0,0.0,400.912,635.01,635.01,1.5839,1599.088,0.08
P2,London,baseline,1100,1200,0,0.0,400.912,635.01,635.01,1.5839,1599.088,0.08
P2,London,baseline,1200,1300,0,0.0,400.912,635.01,635.01,1.5839,1599.088,0.08
P2,London,baseline,1300,1400,0,0.0,400.912,635.01,635.01,1.5839,1599.088,0.08
P2,London,baseline,1400,1500,0,0.0,400.912,635.01,635.01,1.5839,1599.088,0.08
P2,London,baseline,1500,1600,0,0.0,400.912,635.01,635.01,1.5839,1599.088,0.08
P2,London,baseline,1600,1700,0,0.0,400.912,635.01,635.01,1.5839,1599.088,0.08
P2,London,baseline,1700,1800,0,0.0,400.912,635.01,635.01,1.5839,1599.088,0.08
P2,London,baseline,1800,1900,0,0.0,400.912,635.01,635.01,1.5839,1599.088,0.08
P2,London,G0,0,100,2,2e-06,507.4385,1334.02,1667.525,2.6289,1865.7019,0.08
P2,London,G0,100,200,432,0.000432,507.4385,1334.02,1667.525,2.6289,1865.7019,0.08
P2,London,G0,200,300,1196,0.001196,507.4385,1334.02,1667.525,2.6289,1865.7019,0.08
P2,London,G0,300,400,2105,0.002105,507.4385,1334.02,1667.525,2.6289,1865.7019,0.08
P2,London,G0,400,500,2163,0.002163,507.4385,1334.02,1667.525,2.6289,1865.7019,0.08
P2,London,G0,500,600,1603,0.001603,507.4385,1334.02,1667.525,2.6289,1865.7019,0.08
P2,London,G0,600,700,960,0.00096,507.4385,1334.02,1667.525,2.6289,1865.7019,0.08
P2,London,G0,700,800,533,0.000533,507.4385,1334.02,1667.525,2.6289,1865.7019,0.08
P2,London,G0,800,900,255,0.000255,507.4385,1334.02,1667.525,2.6289,1865.7019,0.08
P2,London,G0,900,1000,171,0.000171,507.4385,1334.02,1667.525,2.6289,1865.7019,0.08
P2,London,G0,1000,1100,165,0.000165,507.4385,1334.02,1667.525,2.6289,1865.7019,0.08
P2,London,G0,1100,1200,148,0.000148,507.4385,1334.02,1667.525,2.6289,1865.7019,0.08
P2,London,G0,1200,1300,128,0.000128,507.4385,1334.02,1667.525,2.6289,1865.7019,0.08
P2,London,G0,1300,1400,88,8.8e-05,507.4385,1334.02,1667.525,2.6289,1865.7019,0.08
P2,London,G0,1400,1500,43,4.3e-05,507.4385,1334.02,1667.525,2.6289,1865.7019,0.08
P2,London,G0,1500,1600,8,8e-06,507.4385,1334.02,1667.525,2.6289,1865.7019,0.08
P2,London,G0,1600,1700,0,0.0,507.4385,1334.02,1667.525,2.6289,1865.7019,0.08
P2,London,G0,1700,1800,0,0.0,507.4385,1334.02,1667.525,2.6289,1865.7019,0.08
P2,London,G0,1800,1900,0,0.0,507.4385,1334.02,1667.525,2.6289,1865.7019,0.08
P2,London,G1,0,100,0,0.0,493.992,1109.05,1330.86,2.2451,1807.2096,0.08
P2,London,G1,100,200,104,0.000104,493.992,1109.05,1330.86,2.2451,1807.2096,0.08
P2,London,G1,200,300,917,0.000917,493.992,1109.05,1330.86,2.2451,1807.2096,0.08
P2,London,G1,300,400,2293,0.002293,493.992,1109.05,1330.86,2.2451,1807.2096,0.08
P2,London,G1,400,500,2779,0.002779,493.992,1109.05,1330.86,2.2451,1807.2096,0.08
P2,London,G1,500,600,1852,0.001852,493.992,1109.05,1330.86,2.2451,1807.2096,0.08
P2,London,G1,600,700,916,0.000916,493.992,1109.05,1330.86,2.2451,1807.2096,0.08
P2,London,G1,700,800,412,0.000412,493.992,1109.05,1330.86,2.2451,1807.2096,0.08
P2,London,G1,800,900,247,0.000247,493.992,1109.05,1330.86,2.2451,1807.2096,0.08
P2,London,G1,900,1000,212,0.000212,493.992,1109.05,1330.86,2.2451,1807.2096,0.08
P2,London,G1,1000,1100,151,0.000151,493.992,1109.05,1330.86,2.2451,1807.2096,0.08
P2,London,G1,1100,1200,88,8.8e-05,493.992,1109.05,1330.86,2.2451,1807.2096,0.08
P2,London,G1,1200,1300,26,2.6e-05,493.992,1109.05,1330.86,2.2451,1807.2096,0.08
P2,London,G1,1300,1400,3,3e-06,493.992,1109.05,1330.86,2.2451,1807.2096,0.08
P2,London,G1,1400,1500,0,0.0,493.992,1109.05,1330.86,2.2451,1807.2096,0.08
P2,London,G1,1500,1600,0,0.0,493.992,1109.05,1330.86,2.2451,1807.2096,0.08
P2,London,G1,1600,1700,0,0.0,493.992,1109.05,1330.86,2.2451,1807.2096,0.08
P2,London,G1,1700,1800,0,0.0,493.992,1109.05,1330.86,2.2451,1807.2096,0.08
P2,London,G1,1800,1900,0,0.0,493.992,1109.05,1330.86,2.2451,1807.2096,0.08
P2,London,G2,0,100,0,0.0,452.2493,877.05,1034.919,1.9393,1826.3459,0.08
P2,London,G2,100,200,62,6.2e-05,452.2493,877.05,1034.919,1.9393,1826.3459,0.08
P2,London,G2,200,300,951,0.000951,452.2493,877.05,1034.919,1.9393,1826.3459,0.08
P2,London,G2,300,400,2851,0.002851,452.2493,877.05,1034.919,1.9393,1826.3459,0.08
P2,London,G2,400,500,3187,0.003187,452.2493,877.05,1034.919,1.9393,1826.3459,0.08
P2,London,G2,500,600,1719,0.001719,452.2493,877.05,1034.919,1.9393,1826.3459,0.08
P2,London,G2,600,700,630,0.00063,452.2493,877.05,1034.919,1.9393,1826.3459,0.08
P2,London,G2,700,800,349,0.000349,452.2493,877.05,1034.919,1.9393,1826.3459,0.08
P2,London,G2,800,900,161,0.000161,452.2493,877.05,1034.919,1.9393,1826.3459,0.08
P2,London,G2,900,1000,80,8e-05,452.2493,877.05,1034.919,1.9393,1826.3459,0.08
P2,London,G2,1000,1100,10,1e-05,452.2493,877.05,1034.919,1.9393,1826.3459,0.08
P2,London,G2,1100,1200,0,0.0,452.2493,877.05,1034.919,1.9393,1826.3459,0.08
P2,London,G2,1200,1300,0,0.0,452.2493,877.05,1034.919,1.9393,1826.3459,0.08
P2,London,G2,1300,1400,0,0.0,452.2493,877.05,1034.919,1.9393,1826.3459,0.08
P2,London,G2,1400,1500,0,0.0,452.2493,877.05,1034.919,1.9393,1826.3459,0.08
P2,London,G2,1500,1600,0,0.0,452.2493,877.05,1034.919,1.9393,1826.3459,0.08
P2,London,G2,1600,1700,0,0.0,452.2493,877.05,1034.919,1.9393,1826.3459,0.08
P2,London,G2,1700,1800,0,0.0,452.2493,877.05,1034.919,1.9393,1826.3459,0.08
P2,London,G2,1800,1900,0,0.0,452.2493,877.05,1034.919,1.9393,1826.3459,0.08
P3,Paris,baseline,0,100,1,1e-06,402.2875,686.03,686.03,1.7053,1597.7125,0.08
P3,Paris,baseline,100,200,151,0.000151,402.2875,686.03,686.03,1.7053,1597.7125,0.08
P3,Paris,baseline,200,300,1569,0.001569,402.2875,686.03,686.03,1.7053,1597.7125,0.08
P3,Paris,baseline,300,400,3483,0.003483,402.2875,686.03,686.03,1.7053,1597.7125,0.08
P3,Paris,baseline,400,500,3044,0.003044,402.2875,686.03,686.03,1.7053,1597.7125,0.08
P3,Paris,baseline,500,600,1333,0.001333,402.2875,686.03,686.03,1.7053,1597.7125,0.08
P3,Paris,baseline,600,700,355,0.000355,402.2875,686.03,686.03,1.7053,1597.7125,0.08
P3,Paris,baseline,700,800,57,5.7e-05,402.2875,686.03,686.03,1.7053,1597.7125,0.08
P3,Paris,baseline,800,900,7,7e-06,402.2875,686.03,686.03,1.7053,1597.7125,0.08
P3,Paris,baseline,900,1000,0,0.0,402.2875,686.03,686.03,1.7053,1597.7125,0.08
P3,Paris,baseline,1000,1100,0,0.0,402.2875,686.03,686.03,1.7053,1597.7125,0.08
P3,Paris,baseline,1100,1200,0,0.0,402.2875,686.03,686.03,1.7053,1597.7125,0.08
P3,Paris,baseline,1200,1300,0,0.0,402.2875,686.03,686.03,1.7053,1597.7125,0.08
P3,Paris,baseline,1300,1400,0,0.0,402.2875,686.03,686.03,1.7053,1597.7125,0.08
P3,Paris,baseline,1400,1500,0,0.0,402.2875,686.03,686.03,1.7053,1597.7125,0.08
P3,Paris,baseline,1500,1600,0,0.0,402.2875,686.03,686.03,1.7053,1597.7125,0.08
P3,Paris,baseline,1600,1700,0,0.0,402.2875,686.03,686.03,1.7053,1597.7125,0.08
P3,Paris,baseline,1700,1800,0,0.0,402.2875,686.03,686.03,1.7053,1597.7125,0.08
P3,Paris,baseline,1800,1900,0,0.0,402.2875,686.03,686.03,1.7053,1597.7125,0.08
P3,Paris,G0,0,100,193,0.000193,480.797,1633.02,2041.275,3.3965,1899.0038,0.08
P3,Paris,G0,100,200,1961,0.001961,480.797,1633.02,2041.275,3.3965,1899.0038,0.08
P3,Paris,G0,200,300,1679,0.001679,480.797,1633.02,2041.275,3.3965,1899.0038,0.08
P3,Paris,G0,300,400,1498,0.001498,480.797,1633.02,2041.275,3.3965,1899.0038,0.08
P3,Paris,G0,400,500,1365,0.001365,480.797,1633.02,2041.275,3.3965,1899.0038,0.08
P3,Paris,G0,500,600,866,0.000866,480.797,1633.02,2041.275,3.3965,1899.0038,0.08
P3,Paris,G0,600,700,666,0.000666,480.797,1633.02,2041.275,3.3965,1899.0038,0.08
P3,Paris,G0,700,800,449,0.000449,480.797,1633.02,2041.275,3.3965,1899.0038,0.08
P3,Paris,G0,800,900,279,0.000279,480.797,1633.02,2041.275,3.3965,1899.0038,0.08
P3,Paris,G0,900,1000,124,0.000124,480.797,1633.02,2041.275,3.3965,1899.0038,0.08
P3,Paris,G0,1000,1100,84,8.4e-05,480.797,1633.02,2041.275,3.3965,1899.0038,0.08
P3,Paris,G0,1100,1200,45,4.5e-05,480.797,1633.02,2041.275,3.3965,1899.0038,0.08
P3,Paris,G0,1200,1300,41,4.1e-05,480.797,1633.02,2041.275,3.3965,1899.0038,0.08
P3,Paris,G0,1300,1400,62,6.2e-05,480.797,1633.02,2041.275,3.3965,1899.0038,0.08
P3,Paris,G0,1400,1500,119,0.000119,480.797,1633.02,2041.275,3.3965,1899.0038,0.08
P3,Paris,G0,1500,1600,379,0.000379,480.797,1633.02,2041.275,3.3965,1899.0038,0.08
P3,Paris,G0,1600,1700,181,0.000181,480.797,1633.02,2041.275,3.3965,1899.0038,0.08
P3,Paris,G0,1700,1800,9,9e-06,480.797,1633.02,2041.275,3.3965,1899.0038,0.08
P3,Paris,G0,1800,1900,0,0.0,480.797,1633.02,2041.275,3.3965,1899.0038,0.08
P3,Paris,G1,0,100,9,9e-06,482.7978,1374.03,1648.836,2.846,1820.6427,0.08
P3,Paris,G1,100,200,689,0.000689,482.7978,1374.03,1648.836,2.846,1820.6427,0.08
P3,Paris,G1,200,300,2025,0.002025,482.7978,1374.03,1648.836,2.846,1820.6427,0.08
P3,Paris,G1,300,400,2174,0.002174,482.7978,1374.03,1648.836,2.846,1820.6427,0.08
P3,Paris,G1,400,500,1700,0.0017,482.7978,1374.03,1648.836,2.846,1820.6427,0.08
P3,Paris,G1,500,600,1156,0.001156,482.7978,1374.03,1648.836,2.846,1820.6427,0.08
P3,Paris,G1,600,700,767,0.000767,482.7978,1374.03,1648.836,2.846,1820.6427,0.08
P3,Paris,G1,700,800,408,0.000408,482.7978,1374.03,1648.836,2.846,1820.6427,0.08
P3,Paris,G1,800,900,173,0.000173,482.7978,1374.03,1648.836,2.846,1820.6427,0.08
P3,Paris,G1,900,1000,87,8.7e-05,482.7978,1374.03,1648.836,2.846,1820.6427,0.08
P3,Paris,G1,1000,1100,68,6.8e-05,482.7978,1374.03,1648.836,2.846,1820.6427,0.08
P3,Paris,G1,1100,1200,108,0.000108,482.7978,1374.03,1648.836,2.846,1820.6427,0.08
P3,Paris,G1,1200,1300,310,0.00031,482.7978,1374.03,1648.836,2.846,1820.6427,0.08
P3,Paris,G1,1300,1400,264,0.000264,482.7978,1374.03,1648.836,2.846,1820.6427,0.08
P3,Paris,G1,1400,1500,60,6e-05,482.7978,1374.03,1648.836,2.846,1820.6427,0.08
P3,Paris,G1,1500,1600,2,2e-06,482.7978,1374.03,1648.836,2.846,1820.6427,0.08
P3,Paris,G1,1600,1700,0,0.0,482.7978,1374.03,1648.836,2.846,1820.6427,0.08
P3,Paris,G1,1700,1800,0,0.0,482.7978,1374.03,1648.836,2.846,1820.6427,0.08
P3,Paris,G1,1800,1900,0,0.0,482.7978,1374.03,1648.836,2.846,1820.6427,0.08
P3,Paris,G2,0,100,1,1e-06,446.7622,1104.01,1302.7318,2.4711,1832.8205,0.08
P3,Paris,G2,100,200,390,0.00039,446.7622,1104.01,1302.7318,2.4711,1832.8205,0.08
P3,Paris,G2,200,300,1915,0.001915,446.7622,1104.01,1302.7318,2.4711,1832.8205,0.08
P3,Paris,G2,300,400,2744,0.002744,446.7622,1104.01,1302.7318,2.4711,1832.8205,0.08
P3,Paris,G2,400,500,2147,0.002147,446.7622,1104.01,1302.7318,2.4711,1832.8205,0.08
P3,Paris,G2,500,600,1188,0.001188,446.7622,1104.01,1302.7318,2.4711,1832.8205,0.08
P3,Paris,G2,600,700,556,0.000556,446.7622,1104.01,1302.7318,2.4711,1832.8205,0.08
P3,Paris,G2,700,800,227,0.000227,446.7622,1104.01,1302.7318,2.4711,1832.8205,0.08
P3,Paris,G2,800,900,131,0.000131,446.7622,1104.01,1302.7318,2.4711,1832.8205,0.08
P3,Paris,G2,900,1000,275,0.000275,446.7622,1104.01,1302.7318,2.4711,1832.8205,0.08
P3,Paris,G2,1000,1100,305,0.000305,446.7622,1104.01,1302.7318,2.4711,1832.8205,0.08
P3,Paris,G2,1100,1200,107,0.000107,446.7622,1104.01,1302.7318,2.4711,1832.8205,0.08
P3,Paris,G2,1200,1300,14,1.4e-05,446.7622,1104.01,1302.7318,2.4711,1832.8205,0.08
P3,Paris,G2,1300,1400,0,0.0,446.7622,1104.01,1302.7318,2.4711,1832.8205,0.08
P3,Paris,G2,1400,1500,0,0.0,446.7622,1104.01,1302.7318,2.4711,1832.8205,0.08
P3,Paris,G2,1500,1600,0,0.0,446.7622,1104.01,1302.7318,2.4711,1832.8205,0.08
P3,Paris,G2,1600,1700,0,0.0,446.7622,1104.01,1302.7318,2.4711,1832.8205,0.08
P3,Paris,G2,1700,1800,0,0.0,446.7622,1104.01,1302.7318,2.4711,1832.8205,0.08
P3,Paris,G2,1800,1900,0,0.0,446.7622,1104.01,1302.7318,2.4711,1832.8205,0.08
P4,Brussels,baseline,0,100,0,0.0,801.88,1121.0,1121.0,1.398,1198.12,0.08
P4,Brussels,baseline,100,200,0,0.0,801.88,1121.0,1121.0,1.398,1198.12,0.08
P4,Brussels,baseline,200,300,1,1e-06,801.88,1121.0,1121.0,1.398,1198.12,0.08
P4,Brussels,baseline,300,400,5,5e-06,801.88,1121.0,1121.0,1.398,1198.12,0.08
P4,Brussels,baseline,400,500,85,8.5e-05,801.88,1121.0,1121.0,1.398,1198.12,0.08
P4,Brussels,baseline,500,600,539,0.000539,801.88,1121.0,1121.0,1.398,1198.12,0.08
P4,Brussels,baseline,600,700,1610,0.00161,801.88,1121.0,1121.0,1.398,1198.12,0.08
P4,Brussels,baseline,700,800,2794,0.002794,801.88,1121.0,1121.0,1.398,1198.12,0.08
P4,Brussels,baseline,800,900,2666,0.002666,801.88,1121.0,1121.0,1.398,1198.12,0.08
P4,Brussels,baseline,900,1000,1565,0.001565,801.88,1121.0,1121.0,1.398,1198.12,0.08
P4,Brussels,baseline,1000,1100,587,0.000587,801.88,1121.0,1121.0,1.398,1198.12,0.08
P4,Brussels,baseline,1100,1200,130,0.00013,801.88,1121.0,1121.0,1.398,1198.12,0.08
P4,Brussels,baseline,1200,1300,17,1.7e-05,801.88,1121.0,1121.0,1.398,1198.12,0.08
P4,Brussels,baseline,1300,1400,1,1e-06,801.88,1121.0,1121.0,1.398,1198.12,0.08
P4,Brussels,baseline,1400,1500,0,0.0,801.88,1121.0,1121.0,1.398,1198.12,0.08
P4,Brussels,baseline,1500,1600,0,0.0,801.88,1121.0,1121.0,1.398,1198.12,0.08
P4,Brussels,baseline,1600,1700,0,0.0,801.88,1121.0,1121.0,1.398,1198.12,0.08
P4,Brussels,baseline,1700,1800,0,0.0,801.88,1121.0,1121.0,1.398,1198.12,0.08
P4,Brussels,baseline,1800,1900,0,0.0,801.88,1121.0,1121.0,1.398,1198.12,0.08
P4,Brussels,G0,0,100,8,8e-06,597.1862,1803.02,2253.775,3.0192,1753.5172,0.08
P4,Brussels,G0,100,200,1489,0.001489,597.1862,1803.02,2253.775,3.0192,1753.5172,0.08
P4,Brussels,G0,200,300,802,0.000802,597.1862,1803.02,2253.775,3.0192,1753.5172,0.08
P4,Brussels,G0,300,400,1844,0.001844,597.1862,1803.02,2253.775,3.0192,1753.5172,0.08
P4,Brussels,G0,400,500,1056,0.001056,597.1862,1803.02,2253.775,3.0192,1753.5172,0.08
P4,Brussels,G0,500,600,847,0.000847,597.1862,1803.02,2253.775,3.0192,1753.5172,0.08
P4,Brussels,G0,600,700,1202,0.001202,597.1862,1803.02,2253.775,3.0192,1753.5172,0.08
P4,Brussels,G0,700,800,396,0.000396,597.1862,1803.02,2253.775,3.0192,1753.5172,0.08
P4,Brussels,G0,800,900,603,0.000603,597.1862,1803.02,2253.775,3.0192,1753.5172,0.08
P4,Brussels,G0,900,1000,443,0.000443,597.1862,1803.02,2253.775,3.0192,1753.5172,0.08
P4,Brussels,G0,1000,1100,154,0.000154,597.1862,1803.02,2253.775,3.0192,1753.5172,0.08
P4,Brussels,G0,1100,1200,220,0.00022,597.1862,1803.02,2253.775,3.0192,1753.5172,0.08
P4,Brussels,G0,1200,1300,78,7.8e-05,597.1862,1803.02,2253.775,3.0192,1753.5172,0.08
P4,Brussels,G0,1300,1400,55,5.5e-05,597.1862,1803.02,2253.775,3.0192,1753.5172,0.08
P4,Brussels,G0,1400,1500,75,7.5e-05,597.1862,1803.02,2253.775,3.0192,1753.5172,0.08
P4,Brussels,G0,1500,1600,60,6e-05,597.1862,1803.02,2253.775,3.0192,1753.5172,0.08
P4,Brussels,G0,1600,1700,119,0.000119,597.1862,1803.02,2253.775,3.0192,1753.5172,0.08
P4,Brussels,G0,1700,1800,431,0.000431,597.1862,1803.02,2253.775,3.0192,1753.5172,0.08
P4,Brussels,G0,1800,1900,118,0.000118,597.1862,1803.02,2253.775,3.0192,1753.5172,0.08
P4,Brussels,G1,0,100,0,0.0,634.2465,1674.0,2008.8,2.6394,1638.9042,0.08
P4,Brussels,G1,100,200,64,6.4e-05,634.2465,1674.0,2008.8,2.6394,1638.9042,0.08
P4,Brussels,G1,200,300,1323,0.001323,634.2465,1674.0,2008.8,2.6394,1638.9042,0.08
P4,Brussels,G1,300,400,1492,0.001492,634.2465,1674.0,2008.8,2.6394,1638.9042,0.08
P4,Brussels,G1,400,500,1518,0.001518,634.2465,1674.0,2008.8,2.6394,1638.9042,0.08
P4,Brussels,G1,500,600,1398,0.001398,634.2465,1674.0,2008.8,2.6394,1638.9042,0.08
P4,Brussels,G1,600,700,1067,0.001067,634.2465,1674.0,2008.8,2.6394,1638.9042,0.08
P4,Brussels,G1,700,800,790,0.00079,634.2465,1674.0,2008.8,2.6394,1638.9042,0.08
P4,Brussels,G1,800,900,631,0.000631,634.2465,1674.0,2008.8,2.6394,1638.9042,0.08
P4,Brussels,G1,900,1000,417,0.000417,634.2465,1674.0,2008.8,2.6394,1638.9042,0.08
P4,Brussels,G1,1000,1100,253,0.000253,634.2465,1674.0,2008.8,2.6394,1638.9042,0.08
P4,Brussels,G1,1100,1200,163,0.000163,634.2465,1674.0,2008.8,2.6394,1638.9042,0.08
P4,Brussels,G1,1200,1300,86,8.6e-05,634.2465,1674.0,2008.8,2.6394,1638.9042,0.08
P4,Brussels,G1,1300,1400,71,7.1e-05,634.2465,1674.0,2008.8,2.6394,1638.9042,0.08
P4,Brussels,G1,1400,1500,80,8e-05,634.2465,1674.0,2008.8,2.6394,1638.9042,0.08
P4,Brussels,G1,1500,1600,234,0.000234,634.2465,1674.0,2008.8,2.6394,1638.9042,0.08
P4,Brussels,G1,1600,1700,356,0.000356,634.2465,1674.0,2008.8,2.6394,1638.9042,0.08
P4,Brussels,G1,1700,1800,55,5.5e-05,634.2465,1674.0,2008.8,2.6394,1638.9042,0.08
P4,Brussels,G1,1800,1900,2,2e-06,634.2465,1674.0,2008.8,2.6394,1638.9042,0.08
P4,Brussels,G2,0,100,0,0.0,675.8065,1464.03,1610.433,2.1663,1456.6128,0.08
P4,Brussels,G2,100,200,0,0.0,675.8065,1464.03,1610.433,2.1663,1456.6128,0.08
P4,Brussels,G2,200,300,71,7.1e-05,675.8065,1464.03,1610.433,2.1663,1456.6128,0.08
P4,Brussels,G2,300,400,902,0.000902,675.8065,1464.03,1610.433,2.1663,1456.6128,0.08
P4,Brussels,G2,400,500,1887,0.001887,675.8065,1464.03,1610.433,2.1663,1456.6128,0.08
P4,Brussels,G2,500,600,1952,0.001952,675.8065,1464.03,1610.433,2.1663,1456.6128,0.08
P4,Brussels,G2,600,700,1614,0.001614,675.8065,1464.03,1610.433,2.1663,1456.6128,0.08
P4,Brussels,G2,700,800,1169,0.001169,675.8065,1464.03,1610.433,2.1663,1456.6128,0.08
P4,Brussels,G2,800,900,813,0.000813,675.8065,1464.03,1610.433,2.1663,1456.6128,0.08
P4,Brussels,G2,900,1000,459,0.000459,675.8065,1464.03,1610.433,2.1663,1456.6128,0.08
P4,Brussels,G2,1000,1100,233,0.000233,675.8065,1464.03,1610.433,2.1663,1456.6128,0.08
P4,Brussels,G2,1100,1200,131,0.000131,675.8065,1464.03,1610.433,2.1663,1456.6128,0.08
P4,Brussels,G2,1200,1300,133,0.000133,675.8065,1464.03,1610.433,2.1663,1456.6128,0.08
P4,Brussels,G2,1300,1400,295,0.000295,675.8065,1464.03,1610.433,2.1663,1456.6128,0.08
P4,Brussels,G2,1400,1500,278,0.000278,675.8065,1464.03,1610.433,2.1663,1456.6128,0.08
P4,Brussels,G2,1500,1600,62,6.2e-05,675.8065,1464.03,1610.433,2.1663,1456.6128,0.08
P4,Brussels,G2,1600,1700,1,1e-06,675.8065,1464.03,1610.433,2.1663,1456.6128,0.08
P4,Brussels,G2,1700,1800,0,0.0,675.8065,1464.03,1610.433,2.1663,1456.6128,0.08
P4,Brussels,G2,1800,1900,0,0.0,675.8065,1464.03,1610.433,2.1663,1456.6128,0.08
P5,San Francisco,baseline,0,100,0,0.0,653.4715,958.01,958.01,1.466,1346.5285,0.08
P5,San Francisco,baseline,100,200,0,0.0,653.4715,958.01,958.01,1.466,1346.5285,0.08
P5,San Francisco,baseline,200,300,5,5e-06,653.4715,958.01,958.01,1.466,1346.5285,0.08
P5,San Francisco,baseline,300,400,150,0.00015,653.4715,958.01,958.01,1.466,1346.5285,0.08
P5,San Francisco,baseline,400,500,904,0.000904,653.4715,958.01,958.01,1.466,1346.5285,0.08
P5,San Francisco,baseline,500,600,2448,0.002448,653.4715,958.01,958.01,1.466,1346.5285,0.08
P5,San Francisco,baseline,600,700,3067,0.003067,653.4715,958.01,958.01,1.466,1346.5285,0.08
P5,San Francisco,baseline,700,800,2206,0.002206,653.4715,958.01,958.01,1.466,1346.5285,0.08
P5,San Francisco,baseline,800,900,927,0.000927,653.4715,958.01,958.01,1.466,1346.5285,0.08
P5,San Francisco,baseline,900,1000,248,0.000248,653.4715,958.01,958.01,1.466,1346.5285,0.08
P5,San Francisco,baseline,1000,1100,36,3.6e-05,653.4715,958.01,958.01,1.466,1346.5285,0.08
P5,San Francisco,baseline,1100,1200,9,9e-06,653.4715,958.01,958.01,1.466,1346.5285,0.08
P5,San Francisco,baseline,1200,1300,0,0.0,653.4715,958.01,958.01,1.466,1346.5285,0.08
P5,San Francisco,baseline,1300,1400,0,0.0,653.4715,958.01,958.01,1.466,1346.5285,0.08
P5,San Francisco,baseline,1400,1500,0,0.0,653.4715,958.01,958.01,1.466,1346.5285,0.08
P5,San Francisco,baseline,1500,1600,0,0.0,653.4715,958.01,958.01,1.466,1346.5285,0.08
P5,San Francisco,baseline,1600,1700,0,0.0,653.4715,958.01,958.01,1.466,1346.5285,0.08
P5,San Francisco,baseline,1700,1800,0,0.0,653.4715,958.01,958.01,1.466,1346.5285,0.08
P5,San Francisco,baseline,1800,1900,0,0.0,653.4715,958.01,958.01,1.466,1346.5285,0.08
P5,San Francisco,G0,0,100,10,1e-05,467.6968,1723.01,2153.7625,3.684,1915.3791,0.08
P5,San Francisco,G0,100,200,1549,0.001549,467.6968,1723.01,2153.7625,3.684,1915.3791,0.08
P5,San Francisco,G0,200,300,1502,0.001502,467.6968,1723.01,2153.7625,3.684,1915.3791,0.08
P5,San Francisco,G0,300,400,2744,0.002744,467.6968,1723.01,2153.7625,3.684,1915.3791,0.08
P5,San Francisco,G0,400,500,1164,0.001164,467.6968,1723.01,2153.7625,3.684,1915.3791,0.08
P5,San Francisco,G0,500,600,1071,0.001071,467.6968,1723.01,2153.7625,3.684,1915.3791,0.08
P5,San Francisco,G0,600,700,695,0.000695,467.6968,1723.01,2153.7625,3.684,1915.3791,0.08
P5,San Francisco,G0,700,800,231,0.000231,467.6968,1723.01,2153.7625,3.684,1915.3791,0.08
P5,San Francisco,G0,800,900,189,0.000189,467.6968,1723.01,2153.7625,3.684,1915.3791,0.08
P5,San Francisco,G0,900,1000,58,5.8e-05,467.6968,1723.01,2153.7625,3.684,1915.3791,0.08
P5,San Francisco,G0,1000,1100,28,2.8e-05,467.6968,1723.01,2153.7625,3.684,1915.3791,0.08
P5,San Francisco,G0,1100,1200,49,4.9e-05,467.6968,1723.01,2153.7625,3.684,1915.3791,0.08
P5,San Francisco,G0,1200,1300,62,6.2e-05,467.6968,1723.01,2153.7625,3.684,1915.3791,0.08
P5,San Francisco,G0,1300,1400,80,8e-05,467.6968,1723.01,2153.7625,3.684,1915.3791,0.08
P5,San Francisco,G0,1400,1500,148,0.000148,467.6968,1723.01,2153.7625,3.684,1915.3791,0.08
P5,San Francisco,G0,1500,1600,149,0.000149,467.6968,1723.01,2153.7625,3.684,1915.3791,0.08
P5,San Francisco,G0,1600,1700,136,0.000136,467.6968,1723.01,2153.7625,3.684,1915.3791,0.08
P5,San Francisco,G0,1700,1800,113,0.000113,467.6968,1723.01,2153.7625,3.684,1915.3791,0.08
P5,San Francisco,G0,1800,1900,22,2.2e-05,467.6968,1723.01,2153.7625,3.684,1915.3791,0.08
P5,San Francisco,G1,0,100,2,2e-06,495.5372,1657.02,1988.424,3.3439,1805.3553,0.08
P5,San Francisco,G1,100,200,450,0.00045,495.5372,1657.02,1988.424,3.3439,1805.3553,0.08
P5,San Francisco,G1,200,300,2074,0.002074,495.5372,1657.02,1988.424,3.3439,1805.3553,0.08
P5,San Francisco,G1,300,400,2327,0.002327,495.5372,1657.02,1988.424,3.3439,1805.3553,0.08
P5,San Francisco,G1,400,500,1722,0.001722,495.5372,1657.02,1988.424,3.3439,1805.3553,0.08
P5,San Francisco,G1,500,600,1361,0.001361,495.5372,1657.02,1988.424,3.3439,1805.3553,0.08
P5,San Francisco,G1,600,700,707,0.000707,495.5372,1657.02,1988.424,3.3439,1805.3553,0.08
P5,San Francisco,G1,700,800,336,0.000336,495.5372,1657.02,1988.424,3.3439,1805.3553,0.08
P5,San Francisco,G1,800,900,182,0.000182,495.5372,1657.02,1988.424,3.3439,1805.3553,0.08
P5,San Francisco,G1,900,1000,60,6e-05,495.5372,1657.02,1988.424,3.3439,1805.3553,0.08
P5,San Francisco,G1,1000,1100,29,2.9e-05,495.5372,1657.02,1988.424,3.3439,1805.3553,0.08
P5,San Francisco,G1,1100,1200,56,5.6e-05,495.5372,1657.02,1988.424,3.3439,1805.3553,0.08
P5,San Francisco,G1,1200,1300,82,8.2e-05,495.5372,1657.02,1988.424,3.3439,1805.3553,0.08
P5,San Francisco,G1,1300,1400,120,0.00012,495.5372,1657.02,1988.424,3.3439,1805.3553,0.08
P5,San Francisco,G1,1400,1500,165,0.000165,495.5372,1657.02,1988.424,3.3439,1805.3553,0.08
P5,San Francisco,G1,1500,1600,149,0.000149,495.5372,1657.02,1988.424,3.3439,1805.3553,0.08
P5,San Francisco,G1,1600,1700,130,0.00013,495.5372,1657.02,1988.424,3.3439,1805.3553,0.08
P5,San Francisco,G1,1700,1800,47,4.7e-05,495.5372,1657.02,1988.424,3.3439,1805.3553,0.08
P5,San Francisco,G1,1800,1900,1,1e-06,495.5372,1657.02,1988.424,3.3439,1805.3553,0.08
P5,San Francisco,G2,0,100,1,1e-06,495.7973,1544.02,1667.5416,3.1142,1624.539,0.08
P5,San Francisco,G2,100,200,237,0.000237,495.7973,1544.02,1667.5416,3.1142,1624.539,0.08
P5,San Francisco,G2,200,300,1822,0.001822,495.7973,1544.02,1667.5416,3.1142,1624.539,0.08
P5,San Francisco,G2,300,400,2471,0.002471,495.7973,1544.02,1667.5416,3.1142,1624.539,0.08
P5,San Francisco,G2,400,500,2078,0.002078,495.7973,1544.02,1667.5416,3.1142,1624.539,0.08
P5,San Francisco,G2,500,600,1362,0.001362,495.7973,1544.02,1667.5416,3.1142,1624.539,0.08
P5,San Francisco,G2,600,700,762,0.000762,495.7973,1544.02,1667.5416,3.1142,1624.539,0.08
P5,San Francisco,G2,700,800,320,0.00032,495.7973,1544.02,1667.5416,3.1142,1624.539,0.08
P5,San Francisco,G2,800,900,132,0.000132,495.7973,1544.02,1667.5416,3.1142,1624.539,0.08
P5,San Francisco,G2,900,1000,49,4.9e-05,495.7973,1544.02,1667.5416,3.1142,1624.539,0.08
P5,San Francisco,G2,1000,1100,55,5.5e-05,495.7973,1544.02,1667.5416,3.1142,1624.539,0.08
P5,San Francisco,G2,1100,1200,83,8.3e-05,495.7973,1544.02,1667.5416,3.1142,1624.539,0.08
P5,San Francisco,G2,1200,1300,118,0.000118,495.7973,1544.02,1667.5416,3.1142,1624.539,0.08
P5,San Francisco,G2,1300,1400,176,0.000176,495.7973,1544.02,1667.5416,3.1142,1624.539,0.08
P5,San Francisco,G2,1400,1500,160,0.00016,495.7973,1544.02,1667.5416,3.1142,1624.539,0.08
P5,San Francisco,G2,1500,1600,150,0.00015,495.7973,1544.02,1667.5416,3.1142,1624.539,0.08
P5,San Francisco,G2,1600,1700,24,2.4e-05,495.7973,1544.02,1667.5416,3.1142,1624.539,0.08
P5,San Francisco,G2,1700,1800,0,0.0,495.7973,1544.02,1667.5416,3.1142,1624.539,0.08
P5,San Francisco,G2,1800,1900,0,0.0,495.7973,1544.02,1667.5416,3.1142,1624.539,0.08
P6,Singapore,baseline,0,100,0,0.0,802.0947,1084.0,1084.0,1.3515,1197.9053,0.08
P6,Singapore,baseline,100,200,0,0.0,802.0947,1084.0,1084.0,1.3515,1197.9053,0.08
P6,Singapore,baseline,200,300,0,0.0,802.0947,1084.0,1084.0,1.3515,1197.9053,0.08
P6,Singapore,baseline,300,400,2,2e-06,802.0947,1084.0,1084.0,1.3515,1197.9053,0.08
P6,Singapore,baseline,400,500,49,4.9e-05,802.0947,1084.0,1084.0,1.3515,1197.9053,0.08
P6,Singapore,baseline,500,600,410,0.00041,802.0947,1084.0,1084.0,1.3515,1197.9053,0.08
P6,Singapore,baseline,600,700,1616,0.001616,802.0947,1084.0,1084.0,1.3515,1197.9053,0.08
P6,Singapore,baseline,700,800,2927,0.002927,802.0947,1084.0,1084.0,1.3515,1197.9053,0.08
P6,Singapore,baseline,800,900,2877,0.002877,802.0947,1084.0,1084.0,1.3515,1197.9053,0.08
P6,Singapore,baseline,900,1000,1521,0.001521,802.0947,1084.0,1084.0,1.3515,1197.9053,0.08
P6,Singapore,baseline,1000,1100,508,0.000508,802.0947,1084.0,1084.0,1.3515,1197.9053,0.08
P6,Singapore,baseline,1100,1200,82,8.2e-05,802.0947,1084.0,1084.0,1.3515,1197.9053,0.08
P6,Singapore,baseline,1200,1300,7,7e-06,802.0947,1084.0,1084.0,1.3515,1197.9053,0.08
P6,Singapore,baseline,1300,1400,1,1e-06,802.0947,1084.0,1084.0,1.3515,1197.9053,0.08
P6,Singapore,baseline,1400,1500,0,0.0,802.0947,1084.0,1084.0,1.3515,1197.9053,0.08
P6,Singapore,baseline,1500,1600,0,0.0,802.0947,1084.0,1084.0,1.3515,1197.9053,0.08
P6,Singapore,baseline,1600,1700,0,0.0,802.0947,1084.0,1084.0,1.3515,1197.9053,0.08
P6,Singapore,baseline,1700,1800,0,0.0,802.0947,1084.0,1084.0,1.3515,1197.9053,0.08
P6,Singapore,baseline,1800,1900,0,0.0,802.0947,1084.0,1084.0,1.3515,1197.9053,0.08
P6,Singapore,G0,0,100,0,0.0,440.3263,1476.01,1845.0125,3.3521,1949.5922,0.08
P6,Singapore,G0,100,200,351,0.000351,440.3263,1476.01,1845.0125,3.3521,1949.5922,0.08
P6,Singapore,G0,200,300,2872,0.002872,440.3263,1476.01,1845.0125,3.3521,1949.5922,0.08
P6,Singapore,G0,300,400,2552,0.002552,440.3263,1476.01,1845.0125,3.3521,1949.5922,0.08
P6,Singapore,G0,400,500,1856,0.001856,440.3263,1476.01,1845.0125,3.3521,1949.5922,0.08
P6,Singapore,G0,500,600,1062,0.001062,440.3263,1476.01,1845.0125,3.3521,1949.5922,0.08
P6,Singapore,G0,600,700,370,0.00037,440.3263,1476.01,1845.0125,3.3521,1949.5922,0.08
P6,Singapore,G0,700,800,140,0.00014,440.3263,1476.01,1845.0125,3.3521,1949.5922,0.08
P6,Singapore,G0,800,900,70,7e-05,440.3263,1476.01,1845.0125,3.3521,1949.5922,0.08
P6,Singapore,G0,900,1000,75,7.5e-05,440.3263,1476.01,1845.0125,3.3521,1949.5922,0.08
P6,Singapore,G0,1000,1100,87,8.7e-05,440.3263,1476.01,1845.0125,3.3521,1949.5922,0.08
P6,Singapore,G0,1100,1200,135,0.000135,440.3263,1476.01,1845.0125,3.3521,1949.5922,0.08
P6,Singapore,G0,1200,1300,117,0.000117,440.3263,1476.01,1845.0125,3.3521,1949.5922,0.08
P6,Singapore,G0,1300,1400,127,0.000127,440.3263,1476.01,1845.0125,3.3521,1949.5922,0.08
P6,Singapore,G0,1400,1500,97,9.7e-05,440.3263,1476.01,1845.0125,3.3521,1949.5922,0.08
P6,Singapore,G0,1500,1600,58,5.8e-05,440.3263,1476.01,1845.0125,3.3521,1949.5922,0.08
P6,Singapore,G0,1600,1700,25,2.5e-05,440.3263,1476.01,1845.0125,3.3521,1949.5922,0.08
P6,Singapore,G0,1700,1800,6,6e-06,440.3263,1476.01,1845.0125,3.3521,1949.5922,0.08
P6,Singapore,G0,1800,1900,0,0.0,440.3263,1476.01,1845.0125,3.3521,1949.5922,0.08
P6,Singapore,G1,0,100,0,0.0,502.0817,1384.05,1660.86,2.7566,1797.5019,0.08
P6,Singapore,G1,100,200,6,6e-06,502.0817,1384.05,1660.86,2.7566,1797.5019,0.08
P6,Singapore,G1,200,300,707,0.000707,502.0817,1384.05,1660.86,2.7566,1797.5019,0.08
P6,Singapore,G1,300,400,2919,0.002919,502.0817,1384.05,1660.86,2.7566,1797.5019,0.08
P6,Singapore,G1,400,500,2923,0.002923,502.0817,1384.05,1660.86,2.7566,1797.5019,0.08
P6,Singapore,G1,500,600,1709,0.001709,502.0817,1384.05,1660.86,2.7566,1797.5019,0.08
P6,Singapore,G1,600,700,687,0.000687,502.0817,1384.05,1660.86,2.7566,1797.5019,0.08
P6,Singapore,G1,700,800,235,0.000235,502.0817,1384.05,1660.86,2.7566,1797.5019,0.08
P6,Singapore,G1,800,900,97,9.7e-05,502.0817,1384.05,1660.86,2.7566,1797.5019,0.08
P6,Singapore,G1,900,1000,99,9.9e-05,502.0817,1384.05,1660.86,2.7566,1797.5019,0.08
P6,Singapore,G1,1000,1100,118,0.000118,502.0817,1384.05,1660.86,2.7566,1797.5019,0.08
P6,Singapore,G1,1100,1200,155,0.000155,502.0817,1384.05,1660.86,2.7566,1797.5019,0.08
P6,Singapore,G1,1200,1300,143,0.000143,502.0817,1384.05,1660.86,2.7566,1797.5019,0.08
P6,Singapore,G1,1300,1400,112,0.000112,502.0817,1384.05,1660.86,2.7566,1797.5019,0.08
P6,Singapore,G1,1400,1500,66,6.6e-05,502.0817,1384.05,1660.86,2.7566,1797.5019,0.08
P6,Singapore,G1,1500,1600,22,2.2e-05,502.0817,1384.05,1660.86,2.7566,1797.5019,0.08
P6,Singapore,G1,1600,1700,2,2e-06,502.0817,1384.05,1660.86,2.7566,1797.5019,0.08
P6,Singapore,G1,1700,1800,0,0.0,502.0817,1384.05,1660.86,2.7566,1797.5019,0.08
P6,Singapore,G1,1800,1900,0,0.0,502.0817,1384.05,1660.86,2.7566,1797.5019,0.08
P6,Singapore,G2,0,100,0,0.0,584.8445,1218.03,1339.833,2.0827,1556.6711,0.08
P6,Singapore,G2,100,200,0,0.0,584.8445,1218.03,1339.833,2.0827,1556.6711,0.08
P6,Singapore,G2,200,300,25,2.5e-05,584.8445,1218.03,1339.833,2.0827,1556.6711,0.08
P6,Singapore,G2,300,400,584,0.000584,584.8445,1218.03,1339.833,2.0827,1556.6711,0.08
P6,Singapore,G2,400,500,2660,0.00266,584.8445,1218.03,1339.833,2.0827,1556.6711,0.08
P6,Singapore,G2,500,600,3344,0.003344,584.8445,1218.03,1339.833,2.0827,1556.6711,0.08
P6,Singapore,G2,600,700,1922,0.001922,584.8445,1218.03,1339.833,2.0827,1556.6711,0.08
P6,Singapore,G2,700,800,604,0.000604,584.8445,1218.03,1339.833,2.0827,1556.6711,0.08
P6,Singapore,G2,800,900,193,0.000193,584.8445,1218.03,1339.833,2.0827,1556.6711,0.08
P6,Singapore,G2,900,1000,162,0.000162,584.8445,1218.03,1339.833,2.0827,1556.6711,0.08
P6,Singapore,G2,1000,1100,169,0.000169,584.8445,1218.03,1339.833,2.0827,1556.6711,0.08
P6,Singapore,G2,1100,1200,192,0.000192,584.8445,1218.03,1339.833,2.0827,1556.6711,0.08
P6,Singapore,G2,1200,1300,100,0.0001,584.8445,1218.03,1339.833,2.0827,1556.6711,0.08
P6,Singapore,G2,1300,1400,35,3.5e-05,584.8445,1218.03,1339.833,2.0827,1556.6711,0.08
P6,Singapore,G2,1400,1500,10,1e-05,584.8445,1218.03,1339.833,2.0827,1556.6711,0.08
P6,Singapore,G2,1500,1600,0,0.0,584.8445,1218.03,1339.833,2.0827,1556.6711,0.08
P6,Singapore,G2,1600,1700,0,0.0,584.8445,1218.03,1339.833,2.0827,1556.6711,0.08
P6,Singapore,G2,1700,1800,0,0.0,584.8445,1218.03,1339.833,2.0827,1556.6711,0.08
P6,Singapore,G2,1800,1900,0,0.0,584.8445,1218.03,1339.833,2.0827,1556.6711,0.08
P7,Bangalore,baseline,0,100,0,0.0,1102.2155,1407.0,1407.0,1.2765,897.7845,0.08
P7,Bangalore,baseline,100,200,0,0.0,1102.2155,1407.0,1407.0,1.2765,897.7845,0.08
P7,Bangalore,baseline,200,300,0,0.0,1102.2155,1407.0,1407.0,1.2765,897.7845,0.08
P7,Bangalore,baseline,300,400,0,0.0,1102.2155,1407.0,1407.0,1.2765,897.7845,0.08
P7,Bangalore,baseline,400,500,0,0.0,1102.2155,1407.0,1407.0,1.2765,897.7845,0.08
P7,Bangalore,baseline,500,600,2,2e-06,1102.2155,1407.0,1407.0,1.2765,897.7845,0.08
P7,Bangalore,baseline,600,700,14,1.4e-05,1102.2155,1407.0,1407.0,1.2765,897.7845,0.08
P7,Bangalore,baseline,700,800,85,8.5e-05,1102.2155,1407.0,1407.0,1.2765,897.7845,0.08
P7,Bangalore,baseline,800,900,560,0.00056,1102.2155,1407.0,1407.0,1.2765,897.7845,0.08
P7,Bangalore,baseline,900,1000,1619,0.001619,1102.2155,1407.0,1407.0,1.2765,897.7845,0.08
P7,Bangalore,baseline,1000,1100,2693,0.002693,1102.2155,1407.0,1407.0,1.2765,897.7845,0.08
P7,Bangalore,baseline,1100,1200,2663,0.002663,1102.2155,1407.0,1407.0,1.2765,897.7845,0.08
P7,Bangalore,baseline,1200,1300,1672,0.001672,1102.2155,1407.0,1407.0,1.2765,897.7845,0.08
P7,Bangalore,baseline,1300,1400,576,0.000576,1102.2155,1407.0,1407.0,1.2765,897.7845,0.08
P7,Bangalore,baseline,1400,1500,105,0.000105,1102.2155,1407.0,1407.0,1.2765,897.7845,0.08
P7,Bangalore,baseline,1500,1600,11,1.1e-05,1102.2155,1407.0,1407.0,1.2765,897.7845,0.08
P7,Bangalore,baseline,1600,1700,0,0.0,1102.2155,1407.0,1407.0,1.2765,897.7845,0.08
P7,Bangalore,baseline,1700,1800,0,0.0,1102.2155,1407.0,1407.0,1.2765,897.7845,0.08
P7,Bangalore,baseline,1800,1900,0,0.0,1102.2155,1407.0,1407.0,1.2765,897.7845,0.08
P7,Bangalore,G0,0,100,0,0.0,509.7513,1848.0,2310.0,3.6253,1862.8109,0.08
P7,Bangalore,G0,100,200,235,0.000235,509.7513,1848.0,2310.0,3.6253,1862.8109,0.08
P7,Bangalore,G0,200,300,2628,0.002628,509.7513,1848.0,2310.0,3.6253,1862.8109,0.08
P7,Bangalore,G0,300,400,1833,0.001833,509.7513,1848.0,2310.0,3.6253,1862.8109,0.08
P7,Bangalore,G0,400,500,2147,0.002147,509.7513,1848.0,2310.0,3.6253,1862.8109,0.08
P7,Bangalore,G0,500,600,1184,0.001184,509.7513,1848.0,2310.0,3.6253,1862.8109,0.08
P7,Bangalore,G0,600,700,540,0.00054,509.7513,1848.0,2310.0,3.6253,1862.8109,0.08
P7,Bangalore,G0,700,800,468,0.000468,509.7513,1848.0,2310.0,3.6253,1862.8109,0.08
P7,Bangalore,G0,800,900,96,9.6e-05,509.7513,1848.0,2310.0,3.6253,1862.8109,0.08
P7,Bangalore,G0,900,1000,60,6e-05,509.7513,1848.0,2310.0,3.6253,1862.8109,0.08
P7,Bangalore,G0,1000,1100,28,2.8e-05,509.7513,1848.0,2310.0,3.6253,1862.8109,0.08
P7,Bangalore,G0,1100,1200,11,1.1e-05,509.7513,1848.0,2310.0,3.6253,1862.8109,0.08
P7,Bangalore,G0,1200,1300,20,2e-05,509.7513,1848.0,2310.0,3.6253,1862.8109,0.08
P7,Bangalore,G0,1300,1400,45,4.5e-05,509.7513,1848.0,2310.0,3.6253,1862.8109,0.08
P7,Bangalore,G0,1400,1500,52,5.2e-05,509.7513,1848.0,2310.0,3.6253,1862.8109,0.08
P7,Bangalore,G0,1500,1600,135,0.000135,509.7513,1848.0,2310.0,3.6253,1862.8109,0.08
P7,Bangalore,G0,1600,1700,134,0.000134,509.7513,1848.0,2310.0,3.6253,1862.8109,0.08
P7,Bangalore,G0,1700,1800,175,0.000175,509.7513,1848.0,2310.0,3.6253,1862.8109,0.08
P7,Bangalore,G0,1800,1900,181,0.000181,509.7513,1848.0,2310.0,3.6253,1862.8109,0.08
P7,Bangalore,G1,0,100,0,0.0,566.183,1804.02,2164.824,3.1863,1720.5804,0.08
P7,Bangalore,G1,100,200,5,5e-06,566.183,1804.02,2164.824,3.1863,1720.5804,0.08
P7,Bangalore,G1,200,300,708,0.000708,566.183,1804.02,2164.824,3.1863,1720.5804,0.08
P7,Bangalore,G1,300,400,2672,0.002672,566.183,1804.02,2164.824,3.1863,1720.5804,0.08
P7,Bangalore,G1,400,500,2415,0.002415,566.183,1804.02,2164.824,3.1863,1720.5804,0.08
P7,Bangalore,G1,500,600,1475,0.001475,566.183,1804.02,2164.824,3.1863,1720.5804,0.08
P7,Bangalore,G1,600,700,1161,0.001161,566.183,1804.02,2164.824,3.1863,1720.5804,0.08
P7,Bangalore,G1,700,800,450,0.00045,566.183,1804.02,2164.824,3.1863,1720.5804,0.08
P7,Bangalore,G1,800,900,208,0.000208,566.183,1804.02,2164.824,3.1863,1720.5804,0.08
P7,Bangalore,G1,900,1000,96,9.6e-05,566.183,1804.02,2164.824,3.1863,1720.5804,0.08
P7,Bangalore,G1,1000,1100,27,2.7e-05,566.183,1804.02,2164.824,3.1863,1720.5804,0.08
P7,Bangalore,G1,1100,1200,13,1.3e-05,566.183,1804.02,2164.824,3.1863,1720.5804,0.08
P7,Bangalore,G1,1200,1300,21,2.1e-05,566.183,1804.02,2164.824,3.1863,1720.5804,0.08
P7,Bangalore,G1,1300,1400,50,5e-05,566.183,1804.02,2164.824,3.1863,1720.5804,0.08
P7,Bangalore,G1,1400,1500,77,7.7e-05,566.183,1804.02,2164.824,3.1863,1720.5804,0.08
P7,Bangalore,G1,1500,1600,121,0.000121,566.183,1804.02,2164.824,3.1863,1720.5804,0.08
P7,Bangalore,G1,1600,1700,193,0.000193,566.183,1804.02,2164.824,3.1863,1720.5804,0.08
P7,Bangalore,G1,1700,1800,188,0.000188,566.183,1804.02,2164.824,3.1863,1720.5804,0.08
P7,Bangalore,G1,1800,1900,113,0.000113,566.183,1804.02,2164.824,3.1863,1720.5804,0.08
P7,Bangalore,G2,0,100,0,0.0,581.433,1757.0,1809.71,3.0218,1461.124,0.08
P7,Bangalore,G2,100,200,2,2e-06,581.433,1757.0,1809.71,3.0218,1461.124,0.08
P7,Bangalore,G2,200,300,325,0.000325,581.433,1757.0,1809.71,3.0218,1461.124,0.08
P7,Bangalore,G2,300,400,2431,0.002431,581.433,1757.0,1809.71,3.0218,1461.124,0.08
P7,Bangalore,G2,400,500,2489,0.002489,581.433,1757.0,1809.71,3.0218,1461.124,0.08
P7,Bangalore,G2,500,600,1902,0.001902,581.433,1757.0,1809.71,3.0218,1461.124,0.08
P7,Bangalore,G2,600,700,1204,0.001204,581.433,1757.0,1809.71,3.0218,1461.124,0.08
P7,Bangalore,G2,700,800,506,0.000506,581.433,1757.0,1809.71,3.0218,1461.124,0.08
P7,Bangalore,G2,800,900,246,0.000246,581.433,1757.0,1809.71,3.0218,1461.124,0.08
P7,Bangalore,G2,900,1000,83,8.3e-05,581.433,1757.0,1809.71,3.0218,1461.124,0.08
P7,Bangalore,G2,1000,1100,29,2.9e-05,581.433,1757.0,1809.71,3.0218,1461.124,0.08
P7,Bangalore,G2,1100,1200,19,1.9e-05,581.433,1757.0,1809.71,3.0218,1461.124,0.08
P7,Bangalore,G2,1200,1300,27,2.7e-05,581.433,1757.0,1809.71,3.0218,1461.124,0.08
P7,Bangalore,G2,1300,1400,63,6.3e-05,581.433,1757.0,1809.71,3.0218,1461.124,0.08
P7,Bangalore,G2,1400,1500,106,0.000106,581.433,1757.0,1809.71,3.0218,1461.124,0.08
P7,Bangalore,G2,1500,1600,150,0.00015,581.433,1757.0,1809.71,3.0218,1461.124,0.08
P7,Bangalore,G2,1600,1700,190,0.00019,581.433,1757.0,1809.71,3.0218,1461.124,0.08
P7,Bangalore,G2,1700,1800,197,0.000197,581.433,1757.0,1809.71,3.0218,1461.124,0.08
P7,Bangalore,G2,1800,1900,31,3.1e-05,581.433,1757.0,1809.71,3.0218,1461.124,0.08
P8,Seoul,baseline,0,100,0,0.0,851.4652,1203.02,1203.02,1.4129,1148.5348,0.08
P8,Seoul,baseline,100,200,0,0.0,851.4652,1203.02,1203.02,1.4129,1148.5348,0.08
P8,Seoul,baseline,200,300,0,0.0,851.4652,1203.02,1203.02,1.4129,1148.5348,0.08
P8,Seoul,baseline,300,400,5,5e-06,851.4652,1203.02,1203.02,1.4129,1148.5348,0.08
P8,Seoul,baseline,400,500,43,4.3e-05,851.4652,1203.02,1203.02,1.4129,1148.5348,0.08
P8,Seoul,baseline,500,600,329,0.000329,851.4652,1203.02,1203.02,1.4129,1148.5348,0.08
P8,Seoul,baseline,600,700,1124,0.001124,851.4652,1203.02,1203.02,1.4129,1148.5348,0.08
P8,Seoul,baseline,700,800,2172,0.002172,851.4652,1203.02,1203.02,1.4129,1148.5348,0.08
P8,Seoul,baseline,800,900,2719,0.002719,851.4652,1203.02,1203.02,1.4129,1148.5348,0.08
P8,Seoul,baseline,900,1000,2030,0.00203,851.4652,1203.02,1203.02,1.4129,1148.5348,0.08
P8,Seoul,baseline,1000,1100,1139,0.001139,851.4652,1203.02,1203.02,1.4129,1148.5348,0.08
P8,Seoul,baseline,1100,1200,347,0.000347,851.4652,1203.02,1203.02,1.4129,1148.5348,0.08
P8,Seoul,baseline,1200,1300,81,8.1e-05,851.4652,1203.02,1203.02,1.4129,1148.5348,0.08
P8,Seoul,baseline,1300,1400,9,9e-06,851.4652,1203.02,1203.02,1.4129,1148.5348,0.08
P8,Seoul,baseline,1400,1500,2,2e-06,851.4652,1203.02,1203.02,1.4129,1148.5348,0.08
P8,Seoul,baseline,1500,1600,0,0.0,851.4652,1203.02,1203.02,1.4129,1148.5348,0.08
P8,Seoul,baseline,1600,1700,0,0.0,851.4652,1203.02,1203.02,1.4129,1148.5348,0.08
P8,Seoul,baseline,1700,1800,0,0.0,851.4652,1203.02,1203.02,1.4129,1148.5348,0.08
P8,Seoul,baseline,1800,1900,0,0.0,851.4652,1203.02,1203.02,1.4129,1148.5348,0.08
P8,Seoul,G0,0,100,126,0.000126,479.8073,1854.0,2317.5,3.8641,1900.2409,0.08
P8,Seoul,G0,100,200,3405,0.003405,479.8073,1854.0,2317.5,3.8641,1900.2409,0.08
P8,Seoul,G0,200,300,799,0.000799,479.8073,1854.0,2317.5,3.8641,1900.2409,0.08
P8,Seoul,G0,300,400,1578,0.001578,479.8073,1854.0,2317.5,3.8641,1900.2409,0.08
P8,Seoul,G0,400,500,1043,0.001043,479.8073,1854.0,2317.5,3.8641,1900.2409,0.08
P8,Seoul,G0,500,600,379,0.000379,479.8073,1854.0,2317.5,3.8641,1900.2409,0.08
P8,Seoul,G0,600,700,893,0.000893,479.8073,1854.0,2317.5,3.8641,1900.2409,0.08
P8,Seoul,G0,700,800,155,0.000155,479.8073,1854.0,2317.5,3.8641,1900.2409,0.08
P8,Seoul,G0,800,900,450,0.00045,479.8073,1854.0,2317.5,3.8641,1900.2409,0.08
P8,Seoul,G0,900,1000,177,0.000177,479.8073,1854.0,2317.5,3.8641,1900.2409,0.08
P8,Seoul,G0,1000,1100,56,5.6e-05,479.8073,1854.0,2317.5,3.8641,1900.2409,0.08
P8,Seoul,G0,1100,1200,105,0.000105,479.8073,1854.0,2317.5,3.8641,1900.2409,0.08
P8,Seoul,G0,1200,1300,17,1.7e-05,479.8073,1854.0,2317.5,3.8641,1900.2409,0.08
P8,Seoul,G0,1300,1400,31,3.1e-05,479.8073,1854.0,2317.5,3.8641,1900.2409,0.08
P8,Seoul,G0,1400,1500,18,1.8e-05,479.8073,1854.0,2317.5,3.8641,1900.2409,0.08
P8,Seoul,G0,1500,1600,17,1.7e-05,479.8073,1854.0,2317.5,3.8641,1900.2409,0.08
P8,Seoul,G0,1600,1700,61,6.1e-05,479.8073,1854.0,2317.5,3.8641,1900.2409,0.08
P8,Seoul,G0,1700,1800,163,0.000163,479.8073,1854.0,2317.5,3.8641,1900.2409,0.08
P8,Seoul,G0,1800,1900,523,0.000523,479.8073,1854.0,2317.5,3.8641,1900.2409,0.08
P8,Seoul,G1,0,100,0,0.0,541.5362,1737.0,2084.4,3.2075,1750.1565,0.08
P8,Seoul,G1,100,200,340,0.00034,541.5362,1737.0,2084.4,3.2075,1750.1565,0.08
P8,Seoul,G1,200,300,2746,0.002746,541.5362,1737.0,2084.4,3.2075,1750.1565,0.08
P8,Seoul,G1,300,400,1681,0.001681,541.5362,1737.0,2084.4,3.2075,1750.1565,0.08
P8,Seoul,G1,400,500,1357,0.001357,541.5362,1737.0,2084.4,3.2075,1750.1565,0.08
P8,Seoul,G1,500,600,1054,0.001054,541.5362,1737.0,2084.4,3.2075,1750.1565,0.08
P8,Seoul,G1,600,700,704,0.000704,541.5362,1737.0,2084.4,3.2075,1750.1565,0.08
P8,Seoul,G1,700,800,499,0.000499,541.5362,1737.0,2084.4,3.2075,1750.1565,0.08
P8,Seoul,G1,800,900,420,0.00042,541.5362,1737.0,2084.4,3.2075,1750.1565,0.08
P8,Seoul,G1,900,1000,207,0.000207,541.5362,1737.0,2084.4,3.2075,1750.1565,0.08
P8,Seoul,G1,1000,1100,95,9.5e-05,541.5362,1737.0,2084.4,3.2075,1750.1565,0.08
P8,Seoul,G1,1100,1200,67,6.7e-05,541.5362,1737.0,2084.4,3.2075,1750.1565,0.08
P8,Seoul,G1,1200,1300,37,3.7e-05,541.5362,1737.0,2084.4,3.2075,1750.1565,0.08
P8,Seoul,G1,1300,1400,19,1.9e-05,541.5362,1737.0,2084.4,3.2075,1750.1565,0.08
P8,Seoul,G1,1400,1500,26,2.6e-05,541.5362,1737.0,2084.4,3.2075,1750.1565,0.08
P8,Seoul,G1,1500,1600,75,7.5e-05,541.5362,1737.0,2084.4,3.2075,1750.1565,0.08
P8,Seoul,G1,1600,1700,384,0.000384,541.5362,1737.0,2084.4,3.2075,1750.1565,0.08
P8,Seoul,G1,1700,1800,284,0.000284,541.5362,1737.0,2084.4,3.2075,1750.1565,0.08
P8,Seoul,G1,1800,1900,5,5e-06,541.5362,1737.0,2084.4,3.2075,1750.1565,0.08
P8,Seoul,G2,0,100,0,0.0,618.6855,1546.03,1700.633,2.4989,1519.446,0.08
P8,Seoul,G2,100,200,2,2e-06,618.6855,1546.03,1700.633,2.4989,1519.446,0.08
P8,Seoul,G2,200,300,232,0.000232,618.6855,1546.03,1700.633,2.4989,1519.446,0.08
P8,Seoul,G2,300,400,1595,0.001595,618.6855,1546.03,1700.633,2.4989,1519.446,0.08
P8,Seoul,G2,400,500,2500,0.0025,618.6855,1546.03,1700.633,2.4989,1519.446,0.08
P8,Seoul,G2,500,600,1889,0.001889,618.6855,1546.03,1700.633,2.4989,1519.446,0.08
P8,Seoul,G2,600,700,1226,0.001226,618.6855,1546.03,1700.633,2.4989,1519.446,0.08
P8,Seoul,G2,700,800,839,0.000839,618.6855,1546.03,1700.633,2.4989,1519.446,0.08
P8,Seoul,G2,800,900,518,0.000518,618.6855,1546.03,1700.633,2.4989,1519.446,0.08
P8,Seoul,G2,900,1000,238,0.000238,618.6855,1546.03,1700.633,2.4989,1519.446,0.08
P8,Seoul,G2,1000,1100,118,0.000118,618.6855,1546.03,1700.633,2.4989,1519.446,0.08
P8,Seoul,G2,1100,1200,56,5.6e-05,618.6855,1546.03,1700.633,2.4989,1519.446,0.08
P8,Seoul,G2,1200,1300,39,3.9e-05,618.6855,1546.03,1700.633,2.4989,1519.446,0.08
P8,Seoul,G2,1300,1400,144,0.000144,618.6855,1546.03,1700.633,2.4989,1519.446,0.08
P8,Seoul,G2,1400,1500,366,0.000366,618.6855,1546.03,1700.633,2.4989,1519.446,0.08
P8,Seoul,G2,1500,1600,215,0.000215,618.6855,1546.03,1700.633,2.4989,1519.446,0.08
P8,Seoul,G2,1600,1700,23,2.3e-05,618.6855,1546.03,1700.633,2.4989,1519.446,0.08
P8,Seoul,G2,1700,1800,0,0.0,618.6855,1546.03,1700.633,2.4989,1519.446,0.08
P8,Seoul,G2,1800,1900,0,0.0,618.6855,1546.03,1700.633,2.4989,1519.446,0.08
