profile_id,city,scenario,t,mean_loss,p99_brut,p99_theta,tail_ratio,var_tau,h_bar,follow_rate,c_excess,var_tau_norm,h_bar_norm,follow_rate_norm
P1,Frankfurt,baseline,1,612.67,935.24,935.24,1.5265,0.03215,0.699941,0.0,0.037756,1.0,1.0,0.0
P1,Frankfurt,baseline,2,616.655,877.36,877.36,1.4228,0.032824,0.700057,0.0,0.037461,1.020967,1.000166,0.0
P1,Frankfurt,baseline,3,598.225,891.34,891.34,1.49,0.033558,0.700105,0.0,0.037341,1.043801,1.000235,0.0
P1,Frankfurt,baseline,4,596.22,899.48,899.48,1.5086,0.034249,0.700232,0.0,0.037886,1.065293,1.000415,0.0
P1,Frankfurt,baseline,5,608.465,903.22,903.22,1.4844,0.03482,0.700147,0.0,0.035763,1.083046,1.000294,0.0
P1,Frankfurt,baseline,6,597.605,1004.12,1004.12,1.6802,0.035363,0.699985,0.0,0.036817,1.099921,1.000062,0.0
P1,Frankfurt,baseline,7,621.61,868.25,868.25,1.3968,0.035977,0.700102,0.0,0.038223,1.119013,1.00023,0.0
P1,Frankfurt,baseline,8,590.035,919.06,919.06,1.5576,0.036466,0.700005,0.0,0.033423,1.134236,1.000091,0.0
P1,Frankfurt,baseline,9,601.44,871.03,871.03,1.4482,0.036948,0.699925,0.0,0.035665,1.149239,0.999977,0.0
P1,Frankfurt,baseline,10,601.01,923.39,923.39,1.5364,0.037503,0.699929,0.0,0.036406,1.166504,0.999983,0.0
P1,Frankfurt,baseline,11,599.325,965.85,965.85,1.6116,0.038009,0.699886,0.0,0.034313,1.182237,0.999922,0.0
P1,Frankfurt,baseline,12,593.96,839.2,839.2,1.4129,0.038429,0.699803,0.0,0.034065,1.195297,0.999803,0.0
P1,Frankfurt,baseline,13,611.02,916.14,916.14,1.4994,0.038853,0.699739,0.0,0.036533,1.20848,0.999712,0.0
P1,Frankfurt,baseline,14,589.115,852.68,852.68,1.4474,0.039292,0.699854,0.0,0.032948,1.222149,0.999876,0.0
P1,Frankfurt,baseline,15,591.19,956.55,956.55,1.618,0.039645,0.699513,0.0,0.033342,1.233132,0.999389,0.0
P1,Frankfurt,baseline,16,599.385,962.15,962.15,1.6052,0.04006,0.69947,0.0,0.032483,1.246037,0.999327,0.0
P1,Frankfurt,baseline,17,607.135,977.1,977.1,1.6094,0.040351,0.699498,0.0,0.0341,1.255083,0.999368,0.0
P1,Frankfurt,baseline,18,590.82,822.18,822.18,1.3916,0.040808,0.699326,0.0,0.033603,1.269302,0.999122,0.0
P1,Frankfurt,baseline,19,603.24,880.0,880.0,1.4588,0.041203,0.699403,0.0,0.034958,1.281572,0.999232,0.0
P1,Frankfurt,baseline,20,594.03,911.19,911.19,1.5339,0.041599,0.69942,0.0,0.033113,1.293883,0.999256,0.0
P1,Frankfurt,G0,1,549.17,1699.03,2123.7875,3.0938,0.031802,0.689544,0.74235,0.076998,1.0,1.0,0.959335
P1,Frankfurt,G0,2,553.54,1667.24,2084.05,3.012,0.031893,0.679878,0.743555,0.082257,1.002859,0.985982,0.960892
P1,Frankfurt,G0,3,551.755,1676.08,2095.1,3.0377,0.031836,0.670563,0.743427,0.073945,1.001074,0.972474,0.960727
P1,Frankfurt,G0,4,534.7,1650.2,2062.75,3.0862,0.031715,0.6617,0.744722,0.076396,0.997271,0.95962,0.962401
P1,Frankfurt,G0,5,545.305,1666.08,2082.6,3.0553,0.031482,0.653333,0.745752,0.075841,0.989932,0.947486,0.963732
P1,Frankfurt,G0,6,591.12,1690.09,2112.6125,2.8591,0.031219,0.645422,0.747523,0.083166,0.981662,0.936014,0.966019
P1,Frankfurt,G0,7,587.055,1698.0,2122.5,2.8924,0.031041,0.637835,0.748498,0.083077,0.976053,0.925011,0.967279
P1,Frankfurt,G0,8,574.675,1666.0,2082.5,2.899,0.030746,0.630792,0.749298,0.076656,0.966788,0.914796,0.968313
P1,Frankfurt,G0,9,562.97,1602.43,2003.0375,2.8464,0.030427,0.623704,0.752583,0.081518,0.95675,0.904517,0.972558
P1,Frankfurt,G0,10,599.925,1715.08,2143.85,2.8588,0.030141,0.617582,0.754565,0.084483,0.947781,0.895639,0.97512
P1,Frankfurt,G0,11,593.79,1696.06,2120.075,2.8563,0.029876,0.611324,0.755728,0.079951,0.939441,0.886563,0.976622
P1,Frankfurt,G0,12,582.59,1724.02,2155.025,2.9592,0.029475,0.605491,0.757635,0.08022,0.926813,0.878104,0.979087
P1,Frankfurt,G0,13,573.335,1699.08,2123.85,2.9635,0.029057,0.599877,0.759675,0.084575,0.913676,0.869963,0.981724
P1,Frankfurt,G0,14,568.79,1726.04,2157.55,3.0346,0.028738,0.594744,0.763423,0.08047,0.903644,0.862518,0.986567
P1,Frankfurt,G0,15,563.495,1709.17,2136.4625,3.0332,0.028493,0.589678,0.764562,0.084952,0.895948,0.855171,0.98804
P1,Frankfurt,G0,16,573.07,1749.12,2186.4,3.0522,0.028178,0.585197,0.7673,0.08292,0.886039,0.848673,0.991577
P1,Frankfurt,G0,17,557.04,1756.14,2195.175,3.1526,0.027914,0.581076,0.768673,0.080305,0.877756,0.842696,0.993351
P1,Frankfurt,G0,18,574.635,1567.32,1959.15,2.7275,0.027641,0.576711,0.768965,0.087898,0.869169,0.836367,0.993729
P1,Frankfurt,G0,19,596.27,1738.23,2172.7875,2.9152,0.027292,0.572908,0.770895,0.087955,0.858197,0.830851,0.996223
P1,Frankfurt,G0,20,625.13,1659.89,2074.8625,2.6553,0.026938,0.569141,0.773817,0.089523,0.847049,0.825388,1.0
P1,Frankfurt,G1,1,558.1,1548.06,1857.672,2.7738,0.031906,0.6911,0.630607,0.059119,1.0,1.0,0.975124
P1,Frankfurt,G1,2,563.595,1542.14,1850.568,2.7363,0.032108,0.68287,0.630887,0.062462,1.006336,0.988091,0.975556
P1,Frankfurt,G1,3,562.845,1502.39,1802.868,2.6693,0.03221,0.674972,0.630235,0.056042,1.009531,0.976663,0.974548
P1,Frankfurt,G1,4,553.93,1523.14,1827.768,2.7497,0.032263,0.667398,0.631622,0.058749,1.011198,0.965704,0.976693
P1,Frankfurt,G1,5,563.095,1524.01,1828.812,2.7065,0.032167,0.660253,0.630473,0.057477,1.008193,0.955365,0.974915
P1,Frankfurt,G1,6,602.14,1507.41,1808.892,2.5034,0.032081,0.653426,0.630905,0.062648,1.005479,0.945486,0.975584
P1,Frankfurt,G1,7,599.06,1523.14,1827.768,2.5425,0.032004,0.647012,0.63157,0.062754,1.003069,0.936206,0.976612
P1,Frankfurt,G1,8,590.255,1526.08,1831.296,2.5855,0.031847,0.640926,0.63099,0.058113,0.998154,0.927399,0.975715
P1,Frankfurt,G1,9,582.845,1489.1,1786.92,2.5549,0.031601,0.634856,0.634345,0.061133,0.990438,0.918616,0.980903
P1,Frankfurt,G1,10,615.545,1543.64,1852.368,2.5078,0.031447,0.62955,0.63458,0.063386,0.98561,0.910939,0.981266
P1,Frankfurt,G1,11,612.285,1526.28,1831.536,2.4928,0.031235,0.624157,0.63691,0.059268,0.978971,0.903136,0.984869
P1,Frankfurt,G1,12,603.435,1545.05,1854.06,2.5604,0.030946,0.619038,0.637278,0.059282,0.969914,0.895728,0.985437
P1,Frankfurt,G1,13,595.73,1485.51,1782.612,2.4936,0.030657,0.614155,0.63803,0.063929,0.960853,0.888663,0.986601
P1,Frankfurt,G1,14,596.13,1563.01,1875.612,2.6219,0.030496,0.609605,0.6413,0.060167,0.955828,0.882079,0.991658
P1,Frankfurt,G1,15,590.46,1547.16,1856.592,2.6203,0.03035,0.605229,0.640692,0.0643,0.951227,0.875748,0.990718
P1,Frankfurt,G1,16,597.89,1609.23,1931.076,2.6915,0.030124,0.601183,0.643062,0.062126,0.944148,0.869893,0.994383
P1,Frankfurt,G1,17,586.065,1583.26,1899.912,2.7015,0.029931,0.597557,0.644435,0.06065,0.938097,0.864646,0.996505
P1,Frankfurt,G1,18,603.245,1450.77,1740.924,2.4049,0.029733,0.593796,0.64369,0.065266,0.931904,0.859203,0.995353
P1,Frankfurt,G1,19,625.335,1579.07,1894.884,2.5252,0.0295,0.590493,0.64579,0.064701,0.92459,0.854425,0.998601
P1,Frankfurt,G1,20,648.66,1560.12,1872.144,2.4051,0.02922,0.587336,0.646695,0.066716,0.91582,0.849856,1.0
P1,Frankfurt,G2,1,572.715,1344.01,1505.2912,2.3467,0.031985,0.696672,0.46413,0.040326,1.0,1.0,1.01851
P1,Frankfurt,G2,2,568.965,1292.69,1447.8128,2.272,0.032387,0.693702,0.463255,0.041851,1.012575,0.995737,1.01659
P1,Frankfurt,G2,3,575.33,1254.89,1405.4768,2.1812,0.03271,0.690738,0.462532,0.037742,1.022666,0.991482,1.015005
P1,Frankfurt,G2,4,564.2,1312.03,1469.4736,2.3255,0.032983,0.687941,0.462173,0.041349,1.031197,0.987467,1.014215
P1,Frankfurt,G2,5,568.815,1311.19,1468.5328,2.3051,0.03318,0.685202,0.459962,0.037846,1.037369,0.983537,1.009365
P1,Frankfurt,G2,6,596.07,1352.05,1514.296,2.2683,0.033327,0.682579,0.458402,0.040088,1.041964,0.979771,1.005941
P1,Frankfurt,G2,7,596.255,1271.01,1423.5312,2.1317,0.033529,0.680103,0.458505,0.040681,1.048277,0.976217,1.006166
P1,Frankfurt,G2,8,583.6,1291.07,1445.9984,2.2123,0.03357,0.677684,0.457315,0.038698,1.049573,0.972745,1.003555
P1,Frankfurt,G2,9,580.27,1237.59,1386.1008,2.1328,0.033606,0.675384,0.459413,0.040392,1.050682,0.969444,1.008158
P1,Frankfurt,G2,10,599.155,1277.11,1430.3632,2.1315,0.033737,0.673447,0.457572,0.039869,1.054792,0.966663,1.00412
P1,Frankfurt,G2,11,596.895,1267.42,1419.5104,2.1234,0.033789,0.671278,0.457945,0.039462,1.056411,0.963551,1.004938
P1,Frankfurt,G2,12,593.83,1239.62,1388.3744,2.0875,0.033825,0.669252,0.45732,0.039546,1.057519,0.960642,1.003566
P1,Frankfurt,G2,13,588.825,1228.13,1375.5056,2.0857,0.033821,0.667433,0.456188,0.041012,1.057404,0.95803,1.001081
P1,Frankfurt,G2,14,589.095,1295.07,1450.4784,2.1984,0.033827,0.665682,0.457912,0.038922,1.057607,0.955517,1.004866
P1,Frankfurt,G2,15,582.95,1228.73,1376.1776,2.1078,0.033873,0.664029,0.457173,0.042327,1.059023,0.953145,1.003242
P1,Frankfurt,G2,16,590.415,1331.46,1491.2352,2.2551,0.033982,0.662487,0.456778,0.038564,1.062443,0.950931,1.002375
P1,Frankfurt,G2,17,575.785,1296.05,1451.576,2.2509,0.033965,0.660943,0.45794,0.039033,1.061903,0.948715,1.004927
P1,Frankfurt,G2,18,595.585,1215.51,1361.3712,2.0409,0.03397,0.659459,0.457198,0.041033,1.062074,0.946585,1.003297
P1,Frankfurt,G2,19,614.195,1323.1,1481.872,2.1542,0.033948,0.658255,0.456377,0.041772,1.061363,0.944856,1.001498
P1,Frankfurt,G2,20,622.425,1312.7,1470.224,2.109,0.033904,0.656901,0.455695,0.040501,1.059985,0.942914,1.0
P2,London,baseline,1,410.38,622.07,622.07,1.5158,0.062237,0.799553,0.0,0.018872,1.0,1.0,0.0
P2,London,baseline,2,414.295,647.03,647.03,1.5618,0.061717,0.79946,0.0,0.01892,0.991645,0.999884,0.0
P2,London,baseline,3,394.375,589.02,589.02,1.4936,0.061195,0.799362,0.0,0.019672,0.983255,0.999761,0.0
P2,London,baseline,4,398.65,676.16,676.16,1.6961,0.060642,0.799563,0.0,0.018277,0.974381,1.000013,0.0
P2,London,baseline,5,407.655,629.29,629.29,1.5437,0.060189,0.799613,0.0,0.018829,0.9671,1.000075,0.0
P2,London,baseline,6,392.815,642.01,642.01,1.6344,0.059745,0.799548,0.0,0.01998,0.959964,0.999994,0.0
P2,London,baseline,7,411.73,621.13,621.13,1.5086,0.059365,0.799636,0.0,0.020436,0.953865,1.000104,0.0
P2,London,baseline,8,394.285,634.17,634.17,1.6084,0.058965,0.799543,0.0,0.018069,0.947436,0.999988,0.0
P2,London,baseline,9,401.795,587.08,587.08,1.4611,0.058593,0.79953,0.0,0.01954,0.941457,0.999972,0.0
P2,London,baseline,10,406.195,713.11,713.11,1.7556,0.058329,0.799425,0.0,0.020475,0.937214,0.999841,0.0
P2,London,baseline,11,401.155,650.32,650.32,1.6211,0.058083,0.799362,0.0,0.018331,0.933255,0.999762,0.0
P2,London,baseline,12,390.545,579.09,579.09,1.4828,0.057692,0.799281,0.0,0.01946,0.926968,0.99966,0.0
P2,London,baseline,13,407.51,660.1,660.1,1.6198,0.057318,0.799235,0.0,0.020554,0.920963,0.999603,0.0
P2,London,baseline,14,398.2,615.63,615.63,1.546,0.056996,0.79933,0.0,0.018306,0.915785,0.999721,0.0
P2,London,baseline,15,399.925,614.14,614.14,1.5356,0.056564,0.799068,0.0,0.01958,0.908846,0.999394,0.0
P2,London,baseline,16,402.71,638.17,638.17,1.5847,0.056245,0.799066,0.0,0.019105,0.903719,0.999391,0.0
P2,London,baseline,17,406.475,704.21,704.21,1.7325,0.055856,0.799244,0.0,0.020496,0.897477,0.999614,0.0
P2,London,baseline,18,393.405,601.23,601.23,1.5283,0.055726,0.799121,0.0,0.019692,0.895381,0.999459,0.0
P2,London,baseline,19,393.8,579.25,579.25,1.4709,0.055551,0.799239,0.0,0.020611,0.892568,0.999608,0.0
P2,London,baseline,20,392.34,635.08,635.08,1.6187,0.055376,0.799191,0.0,0.018912,0.889766,0.999547,0.0
P2,London,G0,1,459.115,1203.44,1504.3,2.6212,0.061885,0.791209,0.521435,0.044025,1.0,1.0,0.812122
P2,London,G0,2,459.735,1190.21,1487.7625,2.5889,0.060739,0.783068,0.529663,0.04687,0.981477,0.98971,0.824936
P2,London,G0,3,466.25,1162.57,1453.2125,2.4934,0.059499,0.775162,0.53664,0.044859,0.961433,0.979718,0.835803
P2,London,G0,4,474.065,1238.49,1548.1125,2.6125,0.058102,0.767746,0.54531,0.04756,0.938867,0.970346,0.849307
P2,London,G0,5,488.315,1276.38,1595.475,2.6138,0.056841,0.760575,0.550058,0.049103,0.91849,0.961282,0.856701
P2,London,G0,6,522.54,1334.31,1667.8875,2.5535,0.055545,0.753731,0.557722,0.052324,0.897537,0.952632,0.868639
P2,London,G0,7,511.385,1222.0,1527.5,2.3896,0.05428,0.746967,0.56459,0.053775,0.877097,0.944082,0.879335
P2,London,G0,8,511.475,1284.21,1605.2625,2.5108,0.053119,0.740618,0.570265,0.050864,0.858345,0.936059,0.888173
P2,London,G0,9,499.345,1204.29,1505.3625,2.4117,0.051935,0.734172,0.578862,0.054459,0.839214,0.927911,0.901564
P2,London,G0,10,531.525,1259.46,1574.325,2.3695,0.050759,0.728394,0.58397,0.0572,0.820214,0.920609,0.909519
P2,London,G0,11,515.68,1186.78,1483.475,2.3014,0.049737,0.72261,0.591335,0.055813,0.803702,0.913298,0.920989
P2,London,G0,12,522.435,1421.11,1776.3875,2.7202,0.048556,0.716849,0.59744,0.055449,0.784609,0.906017,0.930498
P2,London,G0,13,515.295,1260.58,1575.725,2.4463,0.047405,0.711386,0.603047,0.058133,0.766011,0.899113,0.939231
P2,London,G0,14,506.46,1317.75,1647.1875,2.6019,0.046323,0.706258,0.611017,0.055592,0.748521,0.892631,0.951644
P2,London,G0,15,509.97,1423.12,1778.9,2.7906,0.045268,0.701178,0.615388,0.059275,0.731488,0.886211,0.95845
P2,London,G0,16,524.77,1336.06,1670.075,2.546,0.044192,0.69657,0.622432,0.061715,0.714099,0.880386,0.969423
P2,London,G0,17,513.255,1432.43,1790.5375,2.7909,0.043147,0.692175,0.629135,0.059526,0.697204,0.874832,0.979862
P2,London,G0,18,519.87,1247.25,1559.0625,2.3992,0.042265,0.687563,0.632262,0.063498,0.682957,0.869003,0.984733
P2,London,G0,19,530.965,1405.24,1756.55,2.6466,0.041246,0.68349,0.637908,0.061359,0.666483,0.863855,0.993525
P2,London,G0,20,566.32,1432.2,1790.25,2.529,0.040325,0.679416,0.642065,0.065691,0.651611,0.858706,1.0
P2,London,G1,1,446.945,990.22,1188.264,2.2155,0.06199,0.793433,0.381762,0.028545,1.0,1.0,0.80929
P2,London,G1,2,445.97,1002.06,1202.472,2.2469,0.060998,0.787394,0.38796,0.030855,0.983989,0.992388,0.822428
P2,London,G1,3,456.57,942.66,1131.192,2.0647,0.059917,0.78163,0.392582,0.029204,0.96655,0.985125,0.832227
P2,London,G1,4,462.35,1032.43,1238.916,2.233,0.058699,0.776191,0.39948,0.030843,0.946909,0.97827,0.846849
P2,London,G1,5,472.39,1039.48,1247.376,2.2005,0.057578,0.770843,0.40287,0.030812,0.928822,0.971528,0.854036
P2,London,G1,6,496.545,1109.05,1330.86,2.2335,0.056468,0.765759,0.407682,0.03214,0.91092,0.965121,0.864238
P2,London,G1,7,490.085,1007.15,1208.58,2.0551,0.055328,0.760773,0.413327,0.033586,0.892522,0.958837,0.876204
P2,London,G1,8,491.915,1041.21,1249.452,2.1166,0.054252,0.755938,0.417005,0.033203,0.875166,0.952743,0.884
P2,London,G1,9,487.855,1006.03,1207.236,2.0621,0.053173,0.75108,0.424283,0.034667,0.857762,0.94662,0.899428
P2,London,G1,10,507.895,1055.2,1266.24,2.0776,0.052098,0.746777,0.42869,0.036427,0.840428,0.941197,0.908771
P2,London,G1,11,501.66,1054.79,1265.748,2.1026,0.051116,0.742382,0.43423,0.035372,0.824579,0.935657,0.920515
P2,London,G1,12,507.67,1172.25,1406.7,2.3091,0.05008,0.73799,0.4386,0.035353,0.807861,0.930123,0.929779
P2,London,G1,13,505.515,1082.34,1298.808,2.1411,0.049044,0.733832,0.442033,0.036772,0.791151,0.924882,0.937055
P2,London,G1,14,500.935,1123.22,1347.864,2.2422,0.048095,0.729803,0.44806,0.035444,0.775838,0.919804,0.949833
P2,London,G1,15,502.905,1137.56,1365.072,2.262,0.047124,0.725947,0.452345,0.03861,0.760181,0.914945,0.958917
P2,London,G1,16,517.04,1080.08,1296.096,2.089,0.046206,0.722335,0.456345,0.039559,0.745381,0.910392,0.967396
P2,London,G1,17,502.48,1227.54,1473.048,2.443,0.045242,0.718966,0.461143,0.038245,0.729823,0.906146,0.977566
P2,London,G1,18,509.525,1060.88,1273.056,2.0821,0.044401,0.715373,0.464822,0.04039,0.716264,0.901618,0.985368
P2,London,G1,19,526.275,1152.0,1382.4,2.189,0.043487,0.712112,0.468975,0.039254,0.701516,0.897507,0.99417
P2,London,G1,20,547.315,1196.35,1435.62,2.1859,0.042677,0.709031,0.471725,0.040883,0.68845,0.893624,1.0
P2,London,G2,1,434.12,778.12,918.1816,1.7924,0.062161,0.797454,0.260745,0.020019,1.0,1.0,0.842057
P2,London,G2,2,427.545,841.07,992.4626,1.9672,0.061481,0.795317,0.26427,0.021438,0.989055,0.997321,0.853441
P2,London,G2,3,436.21,812.04,958.2072,1.8616,0.060714,0.793294,0.267328,0.019918,0.976715,0.994784,0.863315
P2,London,G2,4,438.475,835.05,985.359,1.9044,0.059875,0.791574,0.272343,0.021498,0.963227,0.992628,0.87951
P2,London,G2,5,441.835,887.38,1047.1084,2.0084,0.059151,0.789795,0.273663,0.021308,0.951579,0.990397,0.883773
P2,London,G2,6,457.14,907.29,1070.6022,1.9847,0.058432,0.787902,0.275225,0.02107,0.940012,0.988023,0.888819
P2,London,G2,7,454.225,823.34,971.5412,1.8126,0.057711,0.786182,0.278563,0.021472,0.92841,0.985866,0.899597
P2,London,G2,8,452.755,839.49,990.5982,1.8542,0.056966,0.784329,0.280188,0.022086,0.916418,0.983543,0.904845
P2,London,G2,9,447.525,851.16,1004.3688,1.9019,0.056241,0.782623,0.284955,0.023106,0.904757,0.981402,0.920241
P2,London,G2,10,459.45,829.34,978.6212,1.8051,0.055514,0.781225,0.287218,0.02252,0.893067,0.97965,0.927548
P2,London,G2,11,445.89,815.22,961.9596,1.8283,0.054749,0.779637,0.29045,0.022563,0.880758,0.977658,0.937987
P2,London,G2,12,464.635,894.18,1055.1324,1.9245,0.053979,0.778223,0.293375,0.023498,0.868369,0.975885,0.947433
P2,London,G2,13,455.955,845.47,997.6546,1.8543,0.053331,0.776757,0.294503,0.023381,0.857955,0.974047,0.951074
P2,London,G2,14,453.92,854.36,1008.1448,1.8822,0.052742,0.775476,0.297515,0.022777,0.848473,0.972441,0.960803
P2,London,G2,15,458.365,884.51,1043.7218,1.9297,0.052065,0.774089,0.300132,0.025234,0.837577,0.970701,0.969256
P2,London,G2,16,464.335,901.16,1063.3688,1.9408,0.051579,0.772726,0.30196,0.024606,0.829768,0.968992,0.975158
P2,London,G2,17,445.875,891.37,1051.8166,1.9991,0.051016,0.771628,0.304107,0.023451,0.820702,0.967615,0.982093
P2,London,G2,18,460.875,851.63,1004.9234,1.8479,0.050439,0.770525,0.30727,0.024659,0.811423,0.966232,0.992306
P2,London,G2,19,465.65,921.95,1087.901,1.9799,0.049924,0.769652,0.307863,0.023888,0.803141,0.965137,0.994219
P2,London,G2,20,480.205,987.09,1164.7662,2.0556,0.049407,0.768581,0.309652,0.024737,0.794814,0.963794,1.0
P3,Paris,baseline,1,409.37,666.48,666.48,1.6281,0.028773,0.799936,0.0,0.027742,1.0,1.0,0.0
P3,Paris,baseline,2,419.16,708.05,708.05,1.6892,0.029573,0.800087,0.0,0.026671,1.027789,1.000188,0.0
P3,Paris,baseline,3,399.635,622.12,622.12,1.5567,0.030425,0.800031,0.0,0.02662,1.057409,1.000118,0.0
P3,Paris,baseline,4,396.74,704.05,704.05,1.7746,0.03124,0.800132,0.0,0.026158,1.085747,1.000244,0.0
P3,Paris,baseline,5,407.965,655.14,655.14,1.6059,0.031941,0.800078,0.0,0.025931,1.110083,1.000177,0.0
P3,Paris,baseline,6,397.535,704.04,704.04,1.771,0.032609,0.799914,0.0,0.0256,1.133311,0.999972,0.0
P3,Paris,baseline,7,412.32,620.35,620.35,1.5045,0.033317,0.799999,0.0,0.026165,1.157927,1.000078,0.0
P3,Paris,baseline,8,401.815,648.46,648.46,1.6138,0.033907,0.799972,0.0,0.023707,1.178427,1.000045,0.0
P3,Paris,baseline,9,408.29,683.02,683.02,1.6729,0.03451,0.799958,0.0,0.02563,1.199392,1.000027,0.0
P3,Paris,baseline,10,410.07,691.36,691.36,1.686,0.035176,0.800008,0.0,0.024838,1.222539,1.00009,0.0
P3,Paris,baseline,11,400.645,641.27,641.27,1.6006,0.03577,0.79993,0.0,0.023517,1.243187,0.999992,0.0
P3,Paris,baseline,12,392.765,622.18,622.18,1.5841,0.036274,0.799888,0.0,0.02415,1.260676,0.999939,0.0
P3,Paris,baseline,13,413.98,700.15,700.15,1.6913,0.036765,0.799818,0.0,0.025093,1.277761,0.999852,0.0
P3,Paris,baseline,14,388.4,638.01,638.01,1.6427,0.037274,0.799966,0.0,0.022033,1.295461,1.000037,0.0
P3,Paris,baseline,15,393.085,689.32,689.32,1.7536,0.037701,0.799677,0.0,0.022377,1.310294,0.999676,0.0
P3,Paris,baseline,16,401.92,642.0,642.0,1.5973,0.038201,0.799749,0.0,0.022914,1.327648,0.999766,0.0
P3,Paris,baseline,17,408.1,712.17,712.17,1.7451,0.038582,0.799792,0.0,0.023279,1.340907,0.99982,0.0
P3,Paris,baseline,18,388.255,635.1,635.1,1.6358,0.039095,0.799598,0.0,0.022902,1.358747,0.999577,0.0
P3,Paris,baseline,19,399.835,635.1,635.1,1.5884,0.039534,0.799699,0.0,0.024207,1.373989,0.999703,0.0
P3,Paris,baseline,20,395.865,643.5,643.5,1.6256,0.039975,0.799721,0.0,0.023,1.389311,0.999731,0.0
P3,Paris,G0,1,437.595,1568.17,1960.2125,3.5836,0.028423,0.78864,0.70592,0.052158,1.0,1.0,0.972586
P3,Paris,G0,2,453.765,1548.0,1935.0,3.4115,0.028638,0.778138,0.70623,0.062135,1.007543,0.986682,0.973013
P3,Paris,G0,3,454.31,1585.06,1981.325,3.4889,0.028688,0.768009,0.706107,0.051141,1.009328,0.973839,0.972844
P3,Paris,G0,4,436.135,1571.07,1963.8375,3.6023,0.028708,0.758376,0.706562,0.055156,1.010008,0.961625,0.973471
P3,Paris,G0,5,439.555,1548.17,1935.2125,3.5221,0.028589,0.749315,0.70653,0.055732,1.005831,0.950135,0.973427
P3,Paris,G0,6,485.425,1565.05,1956.3125,3.2241,0.028427,0.740682,0.707327,0.058702,1.000123,0.939189,0.974525
P3,Paris,G0,7,489.71,1586.13,1982.6625,3.2389,0.028325,0.732455,0.708055,0.058848,0.996553,0.928757,0.975528
P3,Paris,G0,8,487.84,1590.04,1987.55,3.2593,0.028139,0.724871,0.708125,0.054453,0.989992,0.919141,0.975624
P3,Paris,G0,9,464.635,1608.04,2010.05,3.4609,0.027911,0.717299,0.7111,0.058788,0.981991,0.909538,0.979723
P3,Paris,G0,10,492.82,1628.17,2035.2125,3.3038,0.027706,0.710599,0.71237,0.058078,0.974786,0.901043,0.981473
P3,Paris,G0,11,496.105,1617.23,2021.5375,3.2599,0.02753,0.703953,0.713032,0.053984,0.968584,0.892616,0.982385
P3,Paris,G0,12,485.025,1629.25,2036.5625,3.3591,0.027213,0.69763,0.714308,0.053152,0.957418,0.884598,0.984142
P3,Paris,G0,13,479.45,1612.01,2015.0125,3.3622,0.026862,0.691478,0.71594,0.060318,0.94508,0.876797,0.986391
P3,Paris,G0,14,486.09,1647.38,2059.225,3.389,0.026636,0.685935,0.719117,0.053956,0.937124,0.869769,0.990769
P3,Paris,G0,15,497.95,1620.03,2025.0375,3.2534,0.026455,0.680461,0.719633,0.064012,0.930763,0.862828,0.991479
P3,Paris,G0,16,480.415,1676.0,2095.0,3.4887,0.026196,0.675623,0.72165,0.057392,0.921641,0.856693,0.994258
P3,Paris,G0,17,471.095,1659.27,2074.0875,3.5222,0.02603,0.67111,0.723275,0.054371,0.915787,0.850971,0.996497
P3,Paris,G0,18,499.275,1681.15,2101.4375,3.3672,0.025838,0.666344,0.722477,0.062593,0.909034,0.844928,0.995398
P3,Paris,G0,19,515.82,1659.19,2073.9875,3.2166,0.025548,0.662244,0.724342,0.065797,0.898839,0.839728,0.997968
P3,Paris,G0,20,562.925,1694.23,2117.7875,3.0097,0.025271,0.658141,0.725817,0.063359,0.889099,0.834526,1.0
P3,Paris,G1,1,429.735,1303.02,1563.624,3.0321,0.028528,0.791357,0.535495,0.034694,1.0,1.0,0.98907
P3,Paris,G1,2,445.745,1324.03,1588.836,2.9704,0.028856,0.783373,0.53575,0.040861,1.011497,0.989911,0.989541
P3,Paris,G1,3,446.625,1313.36,1576.032,2.9406,0.029075,0.775705,0.535055,0.033564,1.019161,0.98022,0.988258
P3,Paris,G1,4,437.97,1312.62,1575.144,2.9971,0.029274,0.76832,0.535295,0.037333,1.026153,0.970889,0.988701
P3,Paris,G1,5,443.03,1324.02,1588.824,2.9886,0.029295,0.761379,0.533997,0.037077,1.026888,0.962118,0.986304
P3,Paris,G1,6,482.065,1331.33,1597.596,2.7617,0.029297,0.754683,0.533415,0.037985,1.026965,0.953656,0.985228
P3,Paris,G1,7,481.02,1341.05,1609.26,2.7879,0.02931,0.748424,0.533315,0.039088,1.027397,0.945747,0.985044
P3,Paris,G1,8,481.39,1317.25,1580.7,2.7363,0.029274,0.742524,0.53282,0.036424,1.02615,0.938292,0.984129
P3,Paris,G1,9,471.575,1343.02,1611.624,2.8479,0.029143,0.736702,0.536035,0.039652,1.021552,0.930935,0.990068
P3,Paris,G1,10,486.045,1354.25,1625.1,2.7863,0.029077,0.731523,0.534808,0.037725,1.019235,0.92439,0.9878
P3,Paris,G1,11,495.075,1371.14,1645.368,2.7696,0.028958,0.72634,0.535922,0.036529,1.015087,0.91784,0.98986
P3,Paris,G1,12,491.56,1358.16,1629.792,2.763,0.028736,0.72133,0.53635,0.035306,1.007303,0.911509,0.990649
P3,Paris,G1,13,489.23,1350.36,1620.432,2.7602,0.028526,0.716505,0.536945,0.040478,0.999934,0.905413,0.991748
P3,Paris,G1,14,492.88,1374.36,1649.232,2.7884,0.02844,0.712072,0.539077,0.036638,0.996918,0.899811,0.995687
P3,Paris,G1,15,505.485,1398.16,1677.792,2.766,0.028336,0.707782,0.538918,0.042385,0.99327,0.89439,0.995392
P3,Paris,G1,16,495.425,1443.05,1731.66,2.9128,0.028191,0.703836,0.53932,0.03845,0.988195,0.889403,0.996135
P3,Paris,G1,17,486.61,1421.13,1705.356,2.9205,0.028088,0.700271,0.541027,0.03641,0.984561,0.884898,0.999289
P3,Paris,G1,18,512.42,1419.33,1703.196,2.7699,0.027977,0.696487,0.540585,0.040764,0.9807,0.880117,0.998472
P3,Paris,G1,19,525.85,1384.1,1660.92,2.6321,0.027795,0.693179,0.541413,0.042915,0.974301,0.875937,1.0
P3,Paris,G1,20,556.22,1432.11,1718.532,2.5747,0.027587,0.690067,0.541413,0.041105,0.967023,0.872005,1.0
P3,Paris,G2,1,423.43,1061.37,1252.4166,2.5066,0.028594,0.796808,0.388632,0.02576,1.0,1.0,1.03487
P3,Paris,G2,2,426.25,1026.24,1210.9632,2.4076,0.0291,0.793988,0.388188,0.027619,1.017711,0.996461,1.033685
P3,Paris,G2,3,434.115,1081.47,1276.1346,2.4912,0.029527,0.791164,0.386505,0.02355,1.032633,0.992918,1.029205
P3,Paris,G2,4,423.925,1086.12,1281.6216,2.5621,0.029945,0.788507,0.38645,0.027937,1.047273,0.989582,1.029058
P3,Paris,G2,5,426.185,1073.27,1266.4586,2.5183,0.030246,0.785914,0.383622,0.026411,1.057802,0.986328,1.021529
P3,Paris,G2,6,446.49,1133.13,1337.0934,2.5379,0.030468,0.783383,0.382485,0.025576,1.065559,0.983152,1.0185
P3,Paris,G2,7,448.82,1108.01,1307.4518,2.4687,0.03074,0.780929,0.381547,0.025846,1.075073,0.980072,1.016004
P3,Paris,G2,8,447.615,1088.38,1284.2884,2.4315,0.030886,0.778741,0.379985,0.025786,1.080186,0.977326,1.011843
P3,Paris,G2,9,437.415,1088.19,1284.0642,2.4878,0.031025,0.776679,0.381425,0.02672,1.085026,0.974738,1.015678
P3,Paris,G2,10,447.28,1048.06,1236.7108,2.3432,0.031262,0.774853,0.379915,0.026147,1.093317,0.972446,1.011657
P3,Paris,G2,11,452.08,1084.43,1279.6274,2.3988,0.031396,0.772841,0.380425,0.025334,1.097998,0.969921,1.013015
P3,Paris,G2,12,450.515,1071.63,1264.5234,2.3787,0.031493,0.770929,0.379437,0.024671,1.101385,0.967522,1.010385
P3,Paris,G2,13,454.08,1069.12,1261.5616,2.3545,0.031559,0.769188,0.377137,0.027542,1.103718,0.965337,1.004261
P3,Paris,G2,14,446.85,1074.49,1267.8982,2.4046,0.03162,0.767528,0.378383,0.024578,1.105854,0.963253,1.007576
P3,Paris,G2,15,462.105,1072.18,1265.1724,2.3202,0.031731,0.765981,0.377703,0.030113,1.109742,0.961312,1.005765
P3,Paris,G2,16,449.785,1106.07,1305.1626,2.4591,0.031921,0.764625,0.37726,0.025994,1.116368,0.95961,1.004587
P3,Paris,G2,17,439.155,1104.3,1303.074,2.5146,0.03201,0.763083,0.37747,0.02509,1.119471,0.957675,1.005146
P3,Paris,G2,18,459.54,1079.47,1273.7746,2.349,0.032059,0.761585,0.3772,0.027755,1.121192,0.955795,1.004427
P3,Paris,G2,19,470.9,1158.73,1367.3014,2.4607,0.032062,0.760438,0.376485,0.027935,1.121291,0.954355,1.002523
P3,Paris,G2,20,488.71,1155.34,1363.3012,2.3641,0.032103,0.759172,0.375538,0.027,1.122726,0.952767,1.0
P4,Brussels,baseline,1,821.165,1177.11,1177.11,1.4335,0.036431,0.599749,0.0,0.040454,1.0,1.0,0.0
P4,Brussels,baseline,2,813.155,1079.1,1079.1,1.3271,0.036956,0.599871,0.0,0.03937,1.014413,1.000204,0.0
P4,Brussels,baseline,3,792.07,1082.17,1082.17,1.3663,0.037505,0.600017,0.0,0.040226,1.029464,1.000448,0.0
P4,Brussels,baseline,4,800.12,1143.42,1143.42,1.4291,0.03806,0.600193,0.0,0.039426,1.044708,1.000741,0.0
P4,Brussels,baseline,5,802.555,1099.46,1099.46,1.3699,0.038502,0.600125,0.0,0.039159,1.056826,1.000627,0.0
P4,Brussels,baseline,6,798.795,1155.56,1155.56,1.4466,0.038907,0.600058,0.0,0.040686,1.067958,1.000517,0.0
P4,Brussels,baseline,7,814.06,1081.1,1081.1,1.328,0.039347,0.600199,0.0,0.041627,1.08003,1.000751,0.0
P4,Brussels,baseline,8,790.685,1099.14,1099.14,1.3901,0.039728,0.599916,0.0,0.038352,1.090484,1.000279,0.0
P4,Brussels,baseline,9,801.23,1149.1,1149.1,1.4342,0.040064,0.599695,0.0,0.038431,1.099701,0.999911,0.0
P4,Brussels,baseline,10,803.3,1144.54,1144.54,1.4248,0.040507,0.599804,0.0,0.038043,1.111886,1.000093,0.0
P4,Brussels,baseline,11,807.52,1126.28,1126.28,1.3947,0.040923,0.599616,0.0,0.038652,1.12329,0.999779,0.0
P4,Brussels,baseline,12,797.76,1092.15,1092.15,1.369,0.04123,0.599275,0.0,0.038199,1.131714,0.99921,0.0
P4,Brussels,baseline,13,808.175,1114.23,1114.23,1.3787,0.041529,0.599227,0.0,0.039653,1.13993,0.999131,0.0
P4,Brussels,baseline,14,796.83,1086.11,1086.11,1.363,0.041878,0.599334,0.0,0.038307,1.149499,0.999309,0.0
P4,Brussels,baseline,15,798.64,1120.06,1120.06,1.4025,0.042127,0.598991,0.0,0.035845,1.156328,0.998737,0.0
P4,Brussels,baseline,16,805.395,1112.37,1112.37,1.3811,0.042463,0.598974,0.0,0.036388,1.165561,0.998708,0.0
P4,Brussels,baseline,17,806.655,1176.04,1176.04,1.4579,0.042664,0.599048,0.0,0.039241,1.171072,0.998831,0.0
P4,Brussels,baseline,18,788.01,1037.28,1037.28,1.3163,0.04301,0.598921,0.0,0.037948,1.180576,0.998621,0.0
P4,Brussels,baseline,19,801.685,1080.12,1080.12,1.3473,0.043329,0.599057,0.0,0.039651,1.189338,0.998847,0.0
P4,Brussels,baseline,20,789.795,1059.04,1059.04,1.3409,0.043635,0.599111,0.0,0.036253,1.197723,0.998936,0.0
P4,Brussels,G0,1,596.755,1768.05,2210.0625,2.9628,0.036085,0.595116,0.771353,0.073683,1.0,1.0,0.941647
P4,Brussels,G0,2,619.215,1773.06,2216.325,2.8634,0.035995,0.590902,0.773378,0.085535,0.997502,0.99292,0.944119
P4,Brussels,G0,3,591.345,1771.1,2213.875,2.995,0.03582,0.586761,0.773725,0.069805,0.992649,0.985961,0.944543
P4,Brussels,G0,4,572.355,1763.18,2203.975,3.0806,0.035559,0.58271,0.776123,0.074916,0.985424,0.979154,0.94747
P4,Brussels,G0,5,572.875,1740.02,2175.025,3.0373,0.035188,0.578884,0.778165,0.075136,0.975146,0.972724,0.949964
P4,Brussels,G0,6,622.25,1759.16,2198.95,2.8271,0.034748,0.575339,0.780977,0.079113,0.962952,0.966767,0.953397
P4,Brussels,G0,7,628.335,1779.03,2223.7875,2.8313,0.0344,0.571619,0.782925,0.080603,0.9533,0.960516,0.955774
P4,Brussels,G0,8,618.37,1765.0,2206.25,2.8543,0.033929,0.568138,0.785287,0.077103,0.940266,0.954668,0.958658
P4,Brussels,G0,9,576.585,1779.01,2223.7625,3.0854,0.033487,0.564763,0.789462,0.07905,0.928003,0.948996,0.963755
P4,Brussels,G0,10,608.325,1806.05,2257.5625,2.9689,0.033019,0.562045,0.792572,0.080806,0.915029,0.944429,0.967552
P4,Brussels,G0,11,605.22,1796.06,2245.075,2.9676,0.032657,0.559143,0.793797,0.075937,0.905003,0.939553,0.969047
P4,Brussels,G0,12,584.955,1794.24,2242.8,3.0673,0.032136,0.556218,0.79717,0.073824,0.890571,0.934638,0.973164
P4,Brussels,G0,13,586.165,1791.12,2238.9,3.0557,0.031614,0.55346,0.80009,0.084057,0.876111,0.930004,0.976729
P4,Brussels,G0,14,578.895,1823.27,2279.0875,3.1496,0.031172,0.550966,0.804413,0.07518,0.863846,0.925813,0.982006
P4,Brussels,G0,15,596.39,1805.02,2256.275,3.0266,0.030818,0.54835,0.806598,0.087792,0.854035,0.921416,0.984673
P4,Brussels,G0,16,585.255,1810.42,2263.025,3.0934,0.030412,0.546206,0.809485,0.08287,0.842804,0.917814,0.988198
P4,Brussels,G0,17,561.645,1837.04,2296.3,3.2708,0.030049,0.544186,0.812235,0.079278,0.832729,0.914419,0.991555
P4,Brussels,G0,18,585.885,1810.3,2262.875,3.0899,0.029708,0.541977,0.812808,0.086339,0.823282,0.910708,0.992254
P4,Brussels,G0,19,616.385,1802.19,2252.7375,2.9238,0.029273,0.540114,0.815605,0.094112,0.811214,0.907578,0.995669
P4,Brussels,G0,20,636.52,1846.13,2307.6625,2.9003,0.028827,0.538375,0.819153,0.0879,0.798859,0.904656,1.0
P4,Brussels,G1,1,628.1,1644.26,1973.112,2.6178,0.036188,0.595759,0.662302,0.057956,1.0,1.0,0.95687
P4,Brussels,G1,2,645.4,1664.0,1996.8,2.5782,0.036218,0.592156,0.663645,0.065786,1.000831,0.993952,0.95881
P4,Brussels,G1,3,622.255,1646.16,1975.392,2.6455,0.036188,0.588719,0.663285,0.053497,0.999997,0.988182,0.95829
P4,Brussels,G1,4,607.74,1661.04,1993.248,2.7331,0.036095,0.585226,0.664977,0.058235,0.997432,0.982319,0.960735
P4,Brussels,G1,5,608.545,1595.29,1914.348,2.6215,0.035862,0.581927,0.665143,0.057879,0.990968,0.976782,0.960973
P4,Brussels,G1,6,654.5,1643.1,1971.72,2.5105,0.0356,0.578831,0.666638,0.06079,0.983754,0.971586,0.963133
P4,Brussels,G1,7,657.255,1647.24,1976.688,2.5062,0.035358,0.575734,0.667943,0.06227,0.977058,0.966386,0.965019
P4,Brussels,G1,8,649.625,1641.21,1969.452,2.5264,0.03504,0.572706,0.66861,0.058764,0.968254,0.961304,0.965983
P4,Brussels,G1,9,618.52,1635.07,1962.084,2.6435,0.034672,0.569788,0.672117,0.060566,0.95811,0.956406,0.971051
P4,Brussels,G1,10,642.185,1663.22,1995.864,2.5899,0.034354,0.56739,0.67447,0.060717,0.949321,0.952382,0.974449
P4,Brussels,G1,11,639.015,1642.03,1970.436,2.5696,0.03404,0.564853,0.675967,0.057246,0.940643,0.948123,0.976613
P4,Brussels,G1,12,625.52,1682.06,2018.472,2.6891,0.033631,0.56227,0.678107,0.056294,0.929322,0.943787,0.979705
P4,Brussels,G1,13,629.91,1632.15,1958.58,2.5911,0.033225,0.559861,0.6797,0.063642,0.918119,0.939743,0.982005
P4,Brussels,G1,14,623.95,1705.02,2046.024,2.7326,0.032946,0.557666,0.683285,0.056675,0.910399,0.93606,0.987185
P4,Brussels,G1,15,635.885,1657.17,1988.604,2.6061,0.032692,0.555386,0.68349,0.067139,0.903396,0.932232,0.987481
P4,Brussels,G1,16,629.89,1721.1,2065.32,2.7324,0.032388,0.553399,0.686752,0.062364,0.894985,0.928896,0.992195
P4,Brussels,G1,17,607.915,1726.02,2071.224,2.8392,0.032092,0.551548,0.688535,0.0609,0.88681,0.925791,0.99477
P4,Brussels,G1,18,630.205,1683.15,2019.78,2.6708,0.031802,0.549718,0.687922,0.065092,0.878779,0.922719,0.993885
P4,Brussels,G1,19,658.005,1674.62,2009.544,2.545,0.031476,0.548155,0.689957,0.070572,0.869795,0.920095,0.996825
P4,Brussels,G1,20,670.51,1712.2,2054.64,2.5536,0.031099,0.546699,0.692155,0.065094,0.859351,0.917651,1.0
P4,Brussels,G2,1,676.87,1505.15,1655.665,2.2237,0.036285,0.59823,0.498768,0.040607,1.0,1.0,0.997231
P4,Brussels,G2,2,681.535,1452.43,1597.673,2.1311,0.036537,0.596944,0.499077,0.044577,1.006968,0.99785,0.997851
P4,Brussels,G2,3,667.39,1452.44,1597.684,2.1763,0.036723,0.595641,0.49897,0.037907,1.012093,0.995672,0.997636
P4,Brussels,G2,4,660.395,1464.04,1610.444,2.2169,0.036876,0.594393,0.498955,0.040849,1.016313,0.993585,0.997606
P4,Brussels,G2,5,659.24,1422.12,1564.332,2.1572,0.036964,0.593059,0.496837,0.039894,1.018732,0.991357,0.993372
P4,Brussels,G2,6,691.72,1469.12,1616.032,2.1239,0.036987,0.591818,0.49657,0.041238,1.019357,0.989282,0.992837
P4,Brussels,G2,7,691.825,1464.25,1610.675,2.1165,0.037046,0.590598,0.49691,0.041734,1.020982,0.987242,0.993517
P4,Brussels,G2,8,686.165,1475.04,1622.544,2.1497,0.036983,0.589253,0.495835,0.039356,1.019256,0.984994,0.991368
P4,Brussels,G2,9,666.105,1450.03,1595.033,2.1769,0.036882,0.58807,0.49918,0.040782,1.016454,0.983017,0.998056
P4,Brussels,G2,10,676.7,1419.01,1560.911,2.097,0.036918,0.587319,0.49717,0.040734,1.017472,0.981761,0.994037
P4,Brussels,G2,11,679.475,1453.15,1598.465,2.1386,0.03689,0.586283,0.497963,0.038394,1.016685,0.980029,0.995621
P4,Brussels,G2,12,668.665,1459.09,1604.999,2.1821,0.036804,0.585226,0.497992,0.037073,1.014328,0.978263,0.995681
P4,Brussels,G2,13,667.58,1432.28,1575.508,2.1455,0.036712,0.584442,0.497725,0.041256,1.011793,0.976952,0.995146
P4,Brussels,G2,14,669.765,1492.2,1641.42,2.2279,0.036616,0.583791,0.499885,0.037108,1.009128,0.975864,0.999465
P4,Brussels,G2,15,673.635,1441.06,1585.166,2.1392,0.036521,0.583035,0.4995,0.044049,1.006531,0.974601,0.998695
P4,Brussels,G2,16,675.48,1462.17,1608.387,2.1646,0.036563,0.582401,0.499695,0.039883,1.007683,0.973541,0.999085
P4,Brussels,G2,17,651.38,1508.09,1658.899,2.3152,0.036442,0.581607,0.500972,0.039512,1.004341,0.972213,1.001639
P4,Brussels,G2,18,676.4,1449.05,1593.955,2.1423,0.036366,0.581061,0.50078,0.041654,1.002246,0.9713,1.001255
P4,Brussels,G2,19,694.875,1453.15,1598.465,2.0912,0.036288,0.580646,0.500555,0.044933,1.000095,0.970607,1.000805
P4,Brussels,G2,20,700.93,1494.17,1643.587,2.1317,0.036115,0.580103,0.500153,0.041659,0.995329,0.9697,1.0
P5,San Francisco,baseline,1,668.09,1010.08,1010.08,1.5119,0.041938,0.674633,0.0,0.035851,1.0,1.0,0.0
P5,San Francisco,baseline,2,673.265,926.04,926.04,1.3754,0.042201,0.674827,0.0,0.033522,1.006259,1.000287,0.0
P5,San Francisco,baseline,3,647.035,910.81,910.81,1.4077,0.042499,0.67491,0.0,0.035493,1.013357,1.00041,0.0
P5,San Francisco,baseline,4,648.04,956.6,956.6,1.4761,0.042853,0.675137,0.0,0.034643,1.021817,1.000747,0.0
P5,San Francisco,baseline,5,661.18,908.4,908.4,1.3739,0.043035,0.675128,0.0,0.034249,1.026154,1.000734,0.0
P5,San Francisco,baseline,6,641.405,961.03,961.03,1.4983,0.04321,0.675,0.0,0.035538,1.030328,1.000544,0.0
P5,San Francisco,baseline,7,671.945,940.03,940.03,1.399,0.043535,0.675122,0.0,0.037285,1.038063,1.000725,0.0
P5,San Francisco,baseline,8,645.365,907.3,907.3,1.4059,0.043772,0.674844,0.0,0.033588,1.043713,1.000313,0.0
P5,San Francisco,baseline,9,653.885,952.66,952.66,1.4569,0.04395,0.674803,0.0,0.033879,1.047959,1.000252,0.0
P5,San Francisco,baseline,10,662.155,971.3,971.3,1.4669,0.044283,0.674756,0.0,0.034982,1.055902,1.000183,0.0
P5,San Francisco,baseline,11,658.365,976.37,976.37,1.483,0.044548,0.67466,0.0,0.034444,1.062219,1.00004,0.0
P5,San Francisco,baseline,12,641.5,908.03,908.03,1.4155,0.044738,0.674496,0.0,0.032513,1.066753,0.999796,0.0
P5,San Francisco,baseline,13,659.17,959.04,959.04,1.4549,0.04489,0.674484,0.0,0.035028,1.07039,0.99978,0.0
P5,San Francisco,baseline,14,643.045,871.0,871.0,1.3545,0.045115,0.67447,0.0,0.031394,1.075734,0.999758,0.0
P5,San Francisco,baseline,15,653.57,987.32,987.32,1.5107,0.045202,0.674287,0.0,0.033325,1.077825,0.999487,0.0
P5,San Francisco,baseline,16,643.195,934.01,934.01,1.4521,0.045397,0.674345,0.0,0.033298,1.082472,0.999574,0.0
P5,San Francisco,baseline,17,659.17,929.21,929.21,1.4097,0.045512,0.674481,0.0,0.032643,1.085203,0.999775,0.0
P5,San Francisco,baseline,18,643.635,920.45,920.45,1.4301,0.045712,0.674331,0.0,0.032308,1.089969,0.999552,0.0
P5,San Francisco,baseline,19,654.535,936.09,936.09,1.4302,0.045898,0.674441,0.0,0.034695,1.094409,0.999715,0.0
P5,San Francisco,baseline,20,640.88,962.11,962.11,1.5012,0.046082,0.67448,0.0,0.031308,1.098815,0.999774,0.0
P5,San Francisco,G0,1,452.95,1699.03,2123.7875,3.751,0.041594,0.659707,0.737228,0.05534,1.0,1.0,0.916055
P5,San Francisco,G0,2,436.095,1660.06,2075.075,3.8066,0.041229,0.645882,0.740708,0.057014,0.991216,0.979044,0.920379
P5,San Francisco,G0,3,453.4,1680.29,2100.3625,3.706,0.040781,0.632645,0.743563,0.053318,0.980461,0.958979,0.923927
P5,San Francisco,G0,4,435.28,1675.49,2094.3625,3.8492,0.040314,0.62019,0.74745,0.054457,0.969217,0.940099,0.928757
P5,San Francisco,G0,5,467.18,1683.29,2104.1125,3.6031,0.039706,0.60841,0.7504,0.06167,0.954618,0.922242,0.932423
P5,San Francisco,G0,6,484.07,1687.11,2108.8875,3.4853,0.039099,0.597213,0.754485,0.061696,0.940006,0.90527,0.937499
P5,San Francisco,G0,7,483.805,1709.05,2136.3125,3.5325,0.038605,0.58653,0.757428,0.061161,0.928125,0.889076,0.941155
P5,San Francisco,G0,8,492.215,1696.15,2120.1875,3.446,0.037992,0.576623,0.76018,0.058367,0.913401,0.874059,0.944575
P5,San Francisco,G0,9,449.585,1593.0,1991.25,3.5433,0.037402,0.566877,0.76548,0.059814,0.899212,0.859286,0.951161
P5,San Francisco,G0,10,483.03,1750.24,2187.8,3.6235,0.036775,0.558271,0.769352,0.059021,0.884151,0.846241,0.955973
P5,San Francisco,G0,11,493.39,1617.98,2022.475,3.2793,0.036255,0.54977,0.77152,0.06042,0.871631,0.833354,0.958666
P5,San Francisco,G0,12,471.685,1754.13,2192.6625,3.7189,0.035572,0.541691,0.776145,0.054592,0.855216,0.821107,0.964413
P5,San Francisco,G0,13,473.535,1744.06,2180.075,3.6831,0.034919,0.534124,0.779703,0.062588,0.839516,0.809638,0.968833
P5,San Francisco,G0,14,450.73,1723.44,2154.3,3.8237,0.0343,0.527171,0.785098,0.055823,0.824639,0.799098,0.975537
P5,San Francisco,G0,15,468.895,1756.22,2195.275,3.7454,0.03376,0.520254,0.788538,0.063085,0.811654,0.788614,0.979811
P5,San Francisco,G0,16,469.935,1680.88,2101.1,3.5768,0.033202,0.514189,0.792483,0.062548,0.798231,0.77942,0.984713
P5,San Francisco,G0,17,450.58,1763.1,2203.875,3.913,0.032705,0.508742,0.795595,0.056868,0.786293,0.771163,0.988581
P5,San Francisco,G0,18,450.495,1609.53,2011.9125,3.5728,0.032242,0.502823,0.797445,0.061877,0.775159,0.762191,0.99088
P5,San Francisco,G0,19,472.125,1807.01,2258.7625,3.8274,0.031711,0.497725,0.800385,0.062844,0.762386,0.754463,0.994533
P5,San Francisco,G0,20,514.955,1714.53,2143.1625,3.3295,0.03118,0.492675,0.804785,0.070165,0.749625,0.746809,1.0
P5,San Francisco,G1,1,469.455,1622.1,1946.52,3.4553,0.041697,0.660777,0.683898,0.049229,1.0,1.0,0.931798
P5,San Francisco,G1,2,451.59,1569.38,1883.256,3.4752,0.041457,0.647957,0.686642,0.05046,0.994237,0.980598,0.935538
P5,San Francisco,G1,3,470.99,1584.42,1901.304,3.364,0.041162,0.635712,0.68858,0.047079,0.987158,0.962067,0.938177
P5,San Francisco,G1,4,458.59,1638.05,1965.66,3.5719,0.040869,0.624095,0.691265,0.048255,0.980141,0.944486,0.941836
P5,San Francisco,G1,5,486.44,1634.13,1960.956,3.3594,0.040397,0.613148,0.69311,0.054008,0.968818,0.92792,0.944349
P5,San Francisco,G1,6,506.22,1611.19,1933.428,3.1828,0.039971,0.60274,0.695302,0.053683,0.958589,0.912168,0.947337
P5,San Francisco,G1,7,508.89,1627.09,1952.508,3.1973,0.039575,0.592901,0.697685,0.053631,0.949092,0.897278,0.950583
P5,San Francisco,G1,8,511.625,1638.03,1965.636,3.2016,0.039122,0.583695,0.699435,0.051005,0.938236,0.883346,0.952967
P5,San Francisco,G1,9,477.635,1540.74,1848.888,3.2258,0.038602,0.574619,0.703925,0.052282,0.925763,0.86961,0.959085
P5,San Francisco,G1,10,507.515,1678.0,2013.6,3.3063,0.038116,0.566545,0.7074,0.051722,0.914104,0.857391,0.963819
P5,San Francisco,G1,11,517.91,1546.09,1855.308,2.9852,0.037659,0.558579,0.709645,0.051926,0.903156,0.845337,0.966878
P5,San Francisco,G1,12,502.175,1660.1,1992.12,3.3058,0.037086,0.550991,0.712805,0.047599,0.8894,0.833853,0.971184
P5,San Francisco,G1,13,504.41,1670.12,2004.144,3.311,0.036553,0.543822,0.715315,0.053523,0.876619,0.823004,0.974603
P5,San Francisco,G1,14,484.91,1681.08,2017.296,3.4668,0.036118,0.537196,0.7199,0.048431,0.866193,0.812976,0.98085
P5,San Francisco,G1,15,504.79,1681.33,2017.596,3.3308,0.035667,0.530762,0.721785,0.054592,0.85537,0.803239,0.983419
P5,San Francisco,G1,16,504.155,1650.55,1980.66,3.2739,0.035257,0.524969,0.724945,0.053918,0.845546,0.794472,0.987724
P5,San Francisco,G1,17,489.26,1697.18,2036.616,3.4689,0.034846,0.5198,0.727308,0.049661,0.835694,0.78665,0.990943
P5,San Francisco,G1,18,491.41,1527.38,1832.856,3.1082,0.034439,0.514315,0.728223,0.052773,0.825938,0.778349,0.99219
P5,San Francisco,G1,19,514.24,1726.07,2071.284,3.3565,0.03401,0.509478,0.730482,0.053933,0.815645,0.771029,0.995269
P5,San Francisco,G1,20,548.535,1666.17,1999.404,3.0375,0.033557,0.504924,0.733955,0.059385,0.804772,0.764137,1.0
P5,San Francisco,G2,1,484.94,1554.03,1678.3524,3.2046,0.041818,0.668233,0.63045,0.043513,1.0,1.0,0.974774
P5,San Francisco,G2,2,465.18,1492.37,1611.7596,3.2082,0.041817,0.662331,0.632095,0.044618,0.99996,0.991168,0.977318
P5,San Francisco,G2,3,479.515,1511.15,1632.042,3.1514,0.04176,0.6566,0.63225,0.041301,0.998604,0.982592,0.977558
P5,San Francisco,G2,4,466.55,1565.0,1690.2,3.3544,0.041756,0.651164,0.633467,0.042635,0.998501,0.974457,0.97944
P5,San Francisco,G2,5,492.345,1535.35,1658.178,3.1184,0.041634,0.645972,0.632743,0.046711,0.995593,0.966688,0.978319
P5,San Francisco,G2,6,508.155,1516.24,1637.5392,2.9838,0.041528,0.6409,0.633637,0.046687,0.993042,0.959098,0.979703
P5,San Francisco,G2,7,507.59,1527.19,1649.3652,3.0087,0.041454,0.636114,0.634235,0.045679,0.991281,0.951935,0.980627
P5,San Francisco,G2,8,510.125,1524.05,1645.974,2.9876,0.041248,0.631356,0.634095,0.044091,0.986356,0.944815,0.98041
P5,San Francisco,G2,9,478.15,1460.07,1576.8756,3.0536,0.04102,0.626872,0.636552,0.045254,0.980904,0.938104,0.98421
P5,San Francisco,G2,10,505.275,1516.4,1637.712,3.0011,0.04089,0.622933,0.637227,0.044291,0.977795,0.932209,0.985254
P5,San Francisco,G2,11,509.95,1452.92,1569.1536,2.8491,0.040738,0.618864,0.638775,0.043813,0.974156,0.926121,0.987646
P5,San Francisco,G2,12,498.42,1546.22,1669.9176,3.1022,0.040504,0.615074,0.639612,0.040828,0.968562,0.920449,0.988941
P5,San Francisco,G2,13,500.545,1485.14,1603.9512,2.967,0.04031,0.61162,0.6397,0.044574,0.963925,0.91528,0.989076
P5,San Francisco,G2,14,483.34,1566.07,1691.3556,3.2401,0.040074,0.608138,0.643805,0.04083,0.958291,0.910069,0.995423
P5,San Francisco,G2,15,495.995,1546.07,1669.7556,3.1171,0.039835,0.605102,0.643655,0.045722,0.952571,0.905525,0.995191
P5,San Francisco,G2,16,503.465,1518.75,1640.25,3.0166,0.03973,0.602152,0.645483,0.0446,0.950065,0.901112,0.998017
P5,San Francisco,G2,17,487.175,1571.11,1696.7988,3.2249,0.039543,0.599361,0.646103,0.041159,0.945584,0.896934,0.998976
P5,San Francisco,G2,18,487.015,1411.75,1524.69,2.8988,0.039345,0.596737,0.645477,0.044176,0.940844,0.893007,0.998009
P5,San Francisco,G2,19,509.74,1596.3,1724.004,3.1316,0.039197,0.594237,0.64647,0.04446,0.937311,0.889266,0.999544
P5,San Francisco,G2,20,542.475,1541.1,1664.388,2.8409,0.038947,0.591618,0.646765,0.048461,0.931324,0.885347,1.0
P6,Singapore,baseline,1,816.44,1081.66,1081.66,1.3248,0.062237,0.599404,0.0,0.031159,1.0,1.0,0.0
P6,Singapore,baseline,2,822.54,1122.02,1122.02,1.3641,0.061717,0.59928,0.0,0.032111,0.991645,0.999793,0.0
P6,Singapore,baseline,3,793.15,1042.09,1042.09,1.3139,0.061195,0.599149,0.0,0.033352,0.983255,0.999576,0.0
P6,Singapore,baseline,4,802.25,1076.84,1076.84,1.3423,0.060642,0.599418,0.0,0.031853,0.974381,1.000024,0.0
P6,Singapore,baseline,5,807.1,1061.24,1061.24,1.3149,0.060189,0.599484,0.0,0.032749,0.9671,1.000134,0.0
P6,Singapore,baseline,6,790.585,1066.33,1066.33,1.3488,0.059745,0.599397,0.0,0.033941,0.959964,0.99999,0.0
P6,Singapore,baseline,7,811.405,1072.07,1072.07,1.3213,0.059365,0.599514,0.0,0.034786,0.953865,1.000185,0.0
P6,Singapore,baseline,8,792.49,1076.06,1076.06,1.3578,0.058965,0.599391,0.0,0.031335,0.947436,0.999979,0.0
P6,Singapore,baseline,9,796.575,1046.03,1046.03,1.3132,0.058593,0.599374,0.0,0.032488,0.941457,0.99995,0.0
P6,Singapore,baseline,10,807.085,1084.37,1084.37,1.3436,0.058329,0.599234,0.0,0.035505,0.937214,0.999717,0.0
P6,Singapore,baseline,11,805.245,1118.14,1118.14,1.3886,0.058083,0.59915,0.0,0.032421,0.933255,0.999576,0.0
P6,Singapore,baseline,12,787.15,1069.06,1069.06,1.3581,0.057692,0.599041,0.0,0.033258,0.926968,0.999395,0.0
P6,Singapore,baseline,13,812.915,1093.23,1093.23,1.3448,0.057318,0.598981,0.0,0.033805,0.920963,0.999294,0.0
P6,Singapore,baseline,14,800.255,1080.21,1080.21,1.3498,0.056996,0.599106,0.0,0.031826,0.915785,0.999504,0.0
P6,Singapore,baseline,15,799.105,1082.58,1082.58,1.3547,0.056564,0.598757,0.0,0.031776,0.908846,0.998921,0.0
P6,Singapore,baseline,16,803.755,1082.04,1082.04,1.3462,0.056245,0.598755,0.0,0.032493,0.903719,0.998917,0.0
P6,Singapore,baseline,17,811.59,1230.23,1230.23,1.5158,0.055856,0.598993,0.0,0.033909,0.897477,0.999314,0.0
P6,Singapore,baseline,18,796.005,1043.05,1043.05,1.3104,0.055726,0.598827,0.0,0.033104,0.895381,0.999039,0.0
P6,Singapore,baseline,19,793.385,1064.15,1064.15,1.3413,0.055551,0.598986,0.0,0.034384,0.892568,0.999303,0.0
P6,Singapore,baseline,20,792.87,1069.18,1069.18,1.3485,0.055376,0.598921,0.0,0.032998,0.889766,0.999195,0.0
P6,Singapore,G0,1,485.51,1421.02,1776.275,2.9269,0.061885,0.595715,0.614265,0.032995,1.0,1.0,0.820365
P6,Singapore,G0,2,471.925,1421.55,1776.9375,3.0122,0.060739,0.592022,0.622638,0.036733,0.981477,0.9938,0.831547
P6,Singapore,G0,3,469.45,1335.04,1668.8,2.8438,0.059499,0.588361,0.63108,0.037635,0.961433,0.987655,0.842822
P6,Singapore,G0,4,456.035,1312.98,1641.225,2.8791,0.058102,0.585091,0.64028,0.033737,0.938867,0.982165,0.855109
P6,Singapore,G0,5,463.49,1378.5,1723.125,2.9742,0.056841,0.581887,0.646897,0.036367,0.91849,0.976786,0.863947
P6,Singapore,G0,6,484.43,1475.81,1844.7625,3.0465,0.055545,0.578934,0.654638,0.040045,0.897537,0.97183,0.874284
P6,Singapore,G0,7,456.93,1246.15,1557.6875,2.7272,0.05428,0.57579,0.662178,0.038149,0.877097,0.966553,0.884354
P6,Singapore,G0,8,470.62,1506.27,1882.8375,3.2006,0.053119,0.572945,0.668652,0.037526,0.858345,0.961776,0.893001
P6,Singapore,G0,9,446.655,1384.04,1730.05,3.0987,0.051935,0.569979,0.677717,0.040809,0.839214,0.956797,0.905108
P6,Singapore,G0,10,436.37,1366.68,1708.35,3.1319,0.050759,0.567446,0.684627,0.036115,0.820214,0.952546,0.914336
P6,Singapore,G0,11,466.665,1409.73,1762.1625,3.0209,0.049737,0.564924,0.690508,0.041468,0.803702,0.948311,0.922189
P6,Singapore,G0,12,423.575,1557.64,1947.05,3.6774,0.048556,0.56218,0.697747,0.033615,0.784609,0.943706,0.931858
P6,Singapore,G0,13,427.875,1390.11,1737.6375,3.2489,0.047405,0.559613,0.704572,0.041106,0.766011,0.939396,0.940973
P6,Singapore,G0,14,416.94,1490.29,1862.8625,3.5744,0.046323,0.557284,0.713165,0.036813,0.748521,0.935488,0.952449
P6,Singapore,G0,15,400.91,1648.24,2060.3,4.1112,0.045268,0.554946,0.718973,0.034945,0.731488,0.931563,0.960205
P6,Singapore,G0,16,413.365,1270.79,1588.4875,3.0743,0.044192,0.552877,0.726057,0.041397,0.714099,0.928089,0.969667
P6,Singapore,G0,17,403.77,1576.01,1970.0125,3.9032,0.043147,0.55086,0.732957,0.038016,0.697204,0.924704,0.978882
P6,Singapore,G0,18,388.84,1389.92,1737.4,3.5745,0.042265,0.548773,0.736535,0.03794,0.682957,0.9212,0.98366
P6,Singapore,G0,19,404.485,1529.07,1911.3375,3.7803,0.041246,0.547019,0.742443,0.038868,0.666483,0.918256,0.991549
P6,Singapore,G0,20,418.685,1559.31,1949.1375,3.7243,0.040325,0.545259,0.74877,0.041971,0.651611,0.915301,1.0
P6,Singapore,G1,1,535.54,1340.05,1608.06,2.5022,0.06199,0.596264,0.520867,0.027417,1.0,1.0,0.8288
P6,Singapore,G1,2,521.34,1339.45,1607.34,2.5692,0.060998,0.593062,0.528333,0.031054,0.983989,0.99463,0.840678
P6,Singapore,G1,3,524.325,1240.59,1488.708,2.3661,0.059917,0.590043,0.53425,0.031148,0.96655,0.989566,0.850094
P6,Singapore,G1,4,511.62,1253.57,1504.284,2.4502,0.058699,0.587311,0.54192,0.027799,0.946909,0.984985,0.862298
P6,Singapore,G1,5,518.06,1307.18,1568.616,2.5232,0.057578,0.584537,0.545985,0.02891,0.928822,0.980331,0.868767
P6,Singapore,G1,6,536.74,1360.29,1632.348,2.5344,0.056468,0.582009,0.552377,0.031603,0.91092,0.976093,0.878938
P6,Singapore,G1,7,514.225,1199.5,1439.4,2.3326,0.055328,0.57944,0.558653,0.030864,0.892522,0.971784,0.888923
P6,Singapore,G1,8,528.505,1391.06,1669.272,2.6321,0.054252,0.576906,0.5637,0.030799,0.875166,0.967534,0.896954
P6,Singapore,G1,9,507.065,1329.37,1595.244,2.6217,0.053173,0.574354,0.571907,0.033101,0.857762,0.963254,0.910014
P6,Singapore,G1,10,498.29,1318.21,1581.852,2.6455,0.052098,0.572247,0.576527,0.029393,0.840428,0.95972,0.917365
P6,Singapore,G1,11,524.995,1339.51,1607.412,2.5515,0.051116,0.570025,0.583535,0.03259,0.824579,0.955994,0.928516
P6,Singapore,G1,12,488.02,1424.54,1709.448,2.919,0.05008,0.567675,0.588755,0.027128,0.807861,0.952053,0.936822
P6,Singapore,G1,13,492.26,1300.04,1560.048,2.641,0.049044,0.565499,0.593435,0.032052,0.791151,0.948404,0.944269
P6,Singapore,G1,14,487.495,1414.08,1696.896,2.9007,0.048095,0.563353,0.600455,0.029267,0.775838,0.944804,0.955439
P6,Singapore,G1,15,473.4,1463.64,1756.368,3.0918,0.047124,0.561444,0.604573,0.028235,0.760181,0.941603,0.96199
P6,Singapore,G1,16,484.44,1215.51,1458.612,2.5091,0.046206,0.559629,0.61063,0.033043,0.745381,0.938558,0.971629
P6,Singapore,G1,17,471.315,1465.13,1758.156,3.1086,0.045242,0.557958,0.616485,0.030283,0.729823,0.935757,0.980945
P6,Singapore,G1,18,459.2,1280.14,1536.168,2.7878,0.044401,0.556127,0.6194,0.030335,0.716264,0.932686,0.985584
P6,Singapore,G1,19,477.905,1434.47,1721.364,3.0016,0.043487,0.554522,0.624805,0.031172,0.701516,0.929993,0.994184
P6,Singapore,G1,20,486.895,1472.06,1766.472,3.0234,0.042677,0.553051,0.62846,0.032508,0.68845,0.927526,1.0
P6,Singapore,G2,1,609.585,1166.37,1283.007,1.9134,0.062161,0.598243,0.381002,0.022259,1.0,1.0,0.866299
P6,Singapore,G2,2,595.81,1235.07,1358.577,2.0729,0.061481,0.596985,0.385535,0.024923,0.989055,0.997898,0.876604
P6,Singapore,G2,3,600.42,1145.56,1260.116,1.9079,0.060714,0.595827,0.388818,0.024133,0.976715,0.995963,0.884068
P6,Singapore,G2,4,590.695,1158.5,1274.35,1.9612,0.059875,0.595051,0.394213,0.022674,0.963227,0.994666,0.896335
P6,Singapore,G2,5,594.8,1178.31,1296.141,1.981,0.059151,0.594127,0.395865,0.023636,0.951579,0.99312,0.900092
P6,Singapore,G2,6,604.66,1187.29,1306.019,1.9636,0.058432,0.593017,0.39847,0.024084,0.940012,0.991264,0.906015
P6,Singapore,G2,7,594.765,1167.44,1284.184,1.9629,0.057711,0.592102,0.402292,0.024046,0.92841,0.989735,0.914707
P6,Singapore,G2,8,601.945,1190.1,1309.11,1.9771,0.056966,0.59095,0.40452,0.024003,0.916418,0.98781,0.919771
P6,Singapore,G2,9,589.13,1161.15,1277.265,1.971,0.056241,0.589994,0.40975,0.025088,0.904757,0.986212,0.931663
P6,Singapore,G2,10,579.525,1158.33,1274.163,1.9988,0.055514,0.589387,0.412487,0.022696,0.893067,0.985198,0.937887
P6,Singapore,G2,11,592.495,1207.28,1328.008,2.0376,0.054749,0.588502,0.417543,0.02443,0.880758,0.983717,0.949381
P6,Singapore,G2,12,578.29,1278.01,1405.811,2.21,0.053979,0.587824,0.419587,0.022322,0.868369,0.982585,0.954031
P6,Singapore,G2,13,578.415,1157.31,1273.041,2.0008,0.053331,0.586995,0.421577,0.025023,0.857955,0.981199,0.958555
P6,Singapore,G2,14,575.675,1201.17,1321.287,2.0865,0.052742,0.586414,0.425818,0.023642,0.848473,0.980228,0.968196
P6,Singapore,G2,15,566.31,1327.53,1460.283,2.3442,0.052065,0.585682,0.428863,0.022808,0.837577,0.979005,0.97512
P6,Singapore,G2,16,575.91,1171.46,1288.606,2.0341,0.051579,0.584883,0.43077,0.024845,0.829768,0.977669,0.979457
P6,Singapore,G2,17,560.62,1293.07,1422.377,2.3065,0.051016,0.584418,0.43404,0.022422,0.820702,0.976892,0.986892
P6,Singapore,G2,18,559.355,1187.44,1306.184,2.1229,0.050439,0.583911,0.436567,0.02201,0.811423,0.976044,0.992639
P6,Singapore,G2,19,572.245,1241.38,1365.518,2.1693,0.049924,0.583669,0.438372,0.022981,0.803141,0.975639,0.996743
P6,Singapore,G2,20,576.24,1293.1,1422.41,2.244,0.049407,0.583173,0.439805,0.024548,0.794814,0.974809,1.0
P7,Bangalore,baseline,1,1123.765,1415.48,1415.48,1.2596,0.049765,0.449721,0.0,0.038055,1.0,1.0,0.0
P7,Bangalore,baseline,2,1127.395,1435.02,1435.02,1.2729,0.049725,0.44978,0.0,0.0381,0.999193,1.000132,0.0
P7,Bangalore,baseline,3,1096.585,1354.02,1354.02,1.2348,0.049722,0.449959,0.0,0.040204,0.999139,1.000531,0.0
P7,Bangalore,baseline,4,1096.5,1407.59,1407.59,1.2837,0.049744,0.450246,0.0,0.038279,0.999576,1.001169,0.0
P7,Bangalore,baseline,5,1115.845,1364.37,1364.37,1.2227,0.049745,0.450328,0.0,0.038993,0.999596,1.00135,0.0
P7,Bangalore,baseline,6,1094.605,1431.21,1431.21,1.3075,0.049749,0.450213,0.0,0.040349,0.999682,1.001094,0.0
P7,Bangalore,baseline,7,1111.73,1351.37,1351.37,1.2156,0.049774,0.450238,0.0,0.039373,1.00019,1.00115,0.0
P7,Bangalore,baseline,8,1101.785,1361.24,1361.24,1.2355,0.049761,0.450011,0.0,0.038364,0.999917,1.000646,0.0
P7,Bangalore,baseline,9,1092.365,1358.17,1358.17,1.2433,0.049718,0.449969,0.0,0.038844,0.999066,1.000552,0.0
P7,Bangalore,baseline,10,1093.42,1416.58,1416.58,1.2955,0.049817,0.449999,0.0,0.041558,1.001051,1.000618,0.0
P7,Bangalore,baseline,11,1106.67,1417.07,1417.07,1.2805,0.049913,0.449923,0.0,0.039199,1.002985,1.00045,0.0
P7,Bangalore,baseline,12,1092.495,1365.05,1365.05,1.2495,0.049795,0.449883,0.0,0.039045,1.000612,1.00036,0.0
P7,Bangalore,baseline,13,1106.43,1399.05,1399.05,1.2645,0.049791,0.449902,0.0,0.040154,1.000532,1.000404,0.0
P7,Bangalore,baseline,14,1091.3,1400.07,1400.07,1.2829,0.049809,0.449923,0.0,0.037256,1.000884,1.00045,0.0
P7,Bangalore,baseline,15,1106.52,1390.26,1390.26,1.2564,0.049718,0.449712,0.0,0.037418,0.999067,0.999979,0.0
P7,Bangalore,baseline,16,1094.005,1400.18,1400.18,1.2799,0.049712,0.449658,0.0,0.038061,0.998939,0.99986,0.0
P7,Bangalore,baseline,17,1105.675,1407.33,1407.33,1.2728,0.049593,0.449625,0.0,0.037399,0.996542,0.999788,0.0
P7,Bangalore,baseline,18,1096.04,1370.07,1370.07,1.25,0.049679,0.449631,0.0,0.038224,0.99827,0.999801,0.0
P7,Bangalore,baseline,19,1094.495,1378.25,1378.25,1.2593,0.049762,0.449709,0.0,0.040658,0.999952,0.999974,0.0
P7,Bangalore,baseline,20,1096.685,1370.84,1370.84,1.25,0.049797,0.449599,0.0,0.038355,1.000639,0.99973,0.0
P7,Bangalore,G0,1,532.12,1799.2,2249.0,3.3812,0.049419,0.436415,0.73952,0.041937,1.0,1.0,0.883853
P7,Bangalore,G0,2,510.03,1804.16,2255.2,3.5374,0.048727,0.424044,0.745515,0.045119,0.986007,0.971654,0.891018
P7,Bangalore,G0,3,515.715,1817.22,2271.525,3.5237,0.047983,0.412452,0.750397,0.039563,0.970955,0.945092,0.896854
P7,Bangalore,G0,4,500.35,1816.19,2270.2375,3.6298,0.04718,0.401657,0.756553,0.042538,0.954693,0.920355,0.90421
P7,Bangalore,G0,5,526.685,1808.22,2260.275,3.4332,0.046334,0.391458,0.76073,0.049831,0.937575,0.896985,0.909203
P7,Bangalore,G0,6,548.425,1825.0,2281.25,3.3277,0.045477,0.381822,0.766842,0.051891,0.92025,0.874906,0.916508
P7,Bangalore,G0,7,537.705,1805.21,2256.5125,3.3572,0.044739,0.372667,0.771325,0.048344,0.905314,0.853927,0.921866
P7,Bangalore,G0,8,541.215,1829.04,2286.3,3.3795,0.043963,0.364175,0.776148,0.046718,0.889608,0.83447,0.927629
P7,Bangalore,G0,9,490.385,1767.2,2209.0,3.6037,0.043126,0.355789,0.78212,0.047805,0.872669,0.815254,0.934768
P7,Bangalore,G0,10,526.65,1853.07,2316.3375,3.5186,0.042276,0.348472,0.787845,0.047969,0.855476,0.798488,0.94161
P7,Bangalore,G0,11,542.38,1840.04,2300.05,3.3925,0.041561,0.341194,0.79144,0.049964,0.840999,0.781811,0.945907
P7,Bangalore,G0,12,501.815,1854.18,2317.725,3.6949,0.040696,0.334361,0.797747,0.043925,0.823492,0.766154,0.953445
P7,Bangalore,G0,13,500.22,1849.03,2311.2875,3.6964,0.039876,0.327963,0.802245,0.053863,0.806899,0.751493,0.95882
P7,Bangalore,G0,14,480.21,1866.05,2332.5625,3.8859,0.039058,0.32208,0.809338,0.047611,0.790342,0.738013,0.967297
P7,Bangalore,G0,15,488.855,1873.1,2341.375,3.8316,0.038303,0.31628,0.814357,0.052496,0.775082,0.724722,0.973297
P7,Bangalore,G0,16,507.165,1889.46,2361.825,3.7255,0.03757,0.311277,0.818912,0.055345,0.760249,0.713258,0.978741
P7,Bangalore,G0,17,466.015,1874.1,2342.625,4.0215,0.036849,0.306693,0.824493,0.049616,0.745657,0.702755,0.98541
P7,Bangalore,G0,18,462.515,1727.15,2158.9375,3.7343,0.036261,0.30188,0.827755,0.05148,0.733746,0.691727,0.989309
P7,Bangalore,G0,19,483.455,1893.11,2366.3875,3.9158,0.035512,0.297814,0.83163,0.054113,0.718591,0.68241,0.99394
P7,Bangalore,G0,20,533.115,1878.09,2347.6125,3.5229,0.034816,0.293797,0.8367,0.064298,0.704509,0.673206,1.0
P7,Bangalore,G1,1,572.85,1753.23,2103.876,3.0605,0.049524,0.437322,0.688615,0.037544,1.0,1.0,0.898058
P7,Bangalore,G1,2,552.695,1757.18,2108.616,3.1793,0.048976,0.425788,0.693328,0.040592,0.988933,0.973626,0.904204
P7,Bangalore,G1,3,561.075,1794.06,2152.872,3.1975,0.048394,0.415038,0.69715,0.035439,0.977168,0.949044,0.909189
P7,Bangalore,G1,4,547.07,1760.26,2112.312,3.2176,0.047794,0.404969,0.70194,0.037813,0.965059,0.926019,0.915436
P7,Bangalore,G1,5,574.61,1756.25,2107.5,3.0564,0.047094,0.395478,0.705075,0.043972,0.950933,0.904317,0.919524
P7,Bangalore,G1,6,595.325,1771.18,2125.416,2.9751,0.046412,0.386401,0.709782,0.04585,0.937153,0.88356,0.925663
P7,Bangalore,G1,7,588.23,1766.27,2119.524,3.0027,0.045772,0.377883,0.7134,0.042383,0.924227,0.864083,0.930381
P7,Bangalore,G1,8,592.055,1783.23,2139.876,3.0119,0.045138,0.369875,0.716048,0.041339,0.911422,0.845773,0.933834
P7,Bangalore,G1,9,546.27,1691.39,2029.668,3.0963,0.044404,0.362048,0.72201,0.042614,0.896603,0.827875,0.94161
P7,Bangalore,G1,10,578.245,1816.09,2179.308,3.1407,0.043645,0.355248,0.726823,0.042152,0.881288,0.812326,0.947886
P7,Bangalore,G1,11,597.45,1790.19,2148.228,2.9964,0.042956,0.348376,0.730725,0.043295,0.867382,0.796612,0.952976
P7,Bangalore,G1,12,562.42,1823.05,2187.66,3.2414,0.042188,0.341836,0.735215,0.038261,0.851868,0.781657,0.958831
P7,Bangalore,G1,13,559.94,1797.34,2156.808,3.2099,0.041508,0.335765,0.738987,0.046575,0.838128,0.767775,0.963751
P7,Bangalore,G1,14,543.945,1830.08,2196.096,3.3645,0.040846,0.330084,0.745428,0.041127,0.824763,0.754785,0.97215
P7,Bangalore,G1,15,551.58,1814.17,2177.004,3.289,0.040154,0.32462,0.748925,0.046218,0.8108,0.742291,0.976711
P7,Bangalore,G1,16,573.405,1862.36,2234.832,3.2479,0.039578,0.319725,0.752872,0.047826,0.799155,0.731097,0.981859
P7,Bangalore,G1,17,535.29,1827.16,2192.592,3.4134,0.038946,0.315343,0.756785,0.043124,0.786393,0.721077,0.986962
P7,Bangalore,G1,18,533.975,1720.32,2064.384,3.2217,0.038392,0.310816,0.75879,0.044198,0.775225,0.710724,0.989577
P7,Bangalore,G1,19,556.705,1844.3,2213.16,3.3129,0.037739,0.306874,0.762427,0.04678,0.762032,0.70171,0.99432
P7,Bangalore,G1,20,600.525,1840.03,2208.036,3.064,0.037119,0.303233,0.766783,0.055178,0.74952,0.693386,1.0
P7,Bangalore,G2,1,589.185,1755.12,1807.7736,2.9789,0.049661,0.443709,0.667703,0.035861,1.0,1.0,0.943436
P7,Bangalore,G2,2,567.43,1761.02,1813.8506,3.1035,0.04939,0.438101,0.671242,0.038871,0.994552,0.987361,0.948438
P7,Bangalore,G2,3,575.675,1757.04,1809.7512,3.0521,0.049074,0.432842,0.672735,0.033515,0.988177,0.97551,0.950546
P7,Bangalore,G2,4,562.85,1755.21,1807.8663,3.1184,0.048807,0.427847,0.675088,0.036022,0.982815,0.964252,0.95387
P7,Bangalore,G2,5,584.69,1730.03,1781.9309,2.9589,0.048479,0.423155,0.675857,0.040994,0.976199,0.953677,0.954958
P7,Bangalore,G2,6,602.59,1734.11,1786.1333,2.8778,0.04818,0.418407,0.677825,0.0434,0.970179,0.942978,0.957738
P7,Bangalore,G2,7,601.22,1751.02,1803.5506,2.9124,0.047878,0.414004,0.679535,0.039793,0.9641,0.933054,0.960155
P7,Bangalore,G2,8,602.16,1745.05,1797.4015,2.898,0.047482,0.409546,0.681128,0.038358,0.95612,0.923007,0.962405
P7,Bangalore,G2,9,563.045,1663.39,1713.2917,2.9543,0.047107,0.405407,0.68468,0.039664,0.948579,0.913678,0.967424
P7,Bangalore,G2,10,592.62,1754.06,1806.6818,2.9598,0.046744,0.401797,0.686405,0.039057,0.941264,0.905543,0.969862
P7,Bangalore,G2,11,605.87,1716.24,1767.7272,2.8327,0.046383,0.398139,0.689422,0.03955,0.933996,0.897297,0.974125
P7,Bangalore,G2,12,574.005,1758.13,1810.8739,3.0629,0.045919,0.394653,0.691875,0.035263,0.924665,0.889443,0.97759
P7,Bangalore,G2,13,574.8,1725.45,1777.2135,3.0018,0.045583,0.391447,0.693165,0.041691,0.917881,0.882216,0.979413
P7,Bangalore,G2,14,563.27,1743.26,1795.5578,3.0949,0.045172,0.388301,0.698295,0.037314,0.909623,0.875126,0.986662
P7,Bangalore,G2,15,570.02,1757.05,1809.7615,3.0824,0.044786,0.385273,0.69887,0.041453,0.901849,0.868303,0.987474
P7,Bangalore,G2,16,589.27,1775.28,1828.5384,3.0127,0.044538,0.382502,0.701615,0.042291,0.896853,0.862057,0.991353
P7,Bangalore,G2,17,554.74,1776.09,1829.3727,3.2017,0.044144,0.379801,0.703747,0.039215,0.888904,0.85597,0.994366
P7,Bangalore,G2,18,553.905,1655.05,1704.7015,2.988,0.043806,0.377475,0.704335,0.040369,0.882115,0.850727,0.995196
P7,Bangalore,G2,19,579.31,1779.34,1832.7202,3.0715,0.043521,0.375245,0.705387,0.041384,0.876371,0.845702,0.996683
P7,Bangalore,G2,20,622.005,1776.22,1829.5066,2.8556,0.043234,0.372855,0.707735,0.048541,0.87059,0.840315,1.0
P8,Seoul,baseline,1,868.495,1203.1,1203.1,1.3853,0.026143,0.575049,0.0,0.049783,1.0,1.0,0.0
P8,Seoul,baseline,2,871.69,1191.61,1191.61,1.367,0.027055,0.575266,0.0,0.048008,1.034881,1.000377,0.0
P8,Seoul,baseline,3,851.385,1193.12,1193.12,1.4014,0.027987,0.57524,0.0,0.04991,1.070525,1.000332,0.0
P8,Seoul,baseline,4,846.405,1224.06,1224.06,1.4462,0.028881,0.575462,0.0,0.047343,1.104696,1.000718,0.0
P8,Seoul,baseline,5,862.145,1159.07,1159.07,1.3444,0.029683,0.575526,0.0,0.046529,1.135393,1.00083,0.0
P8,Seoul,baseline,6,848.38,1247.04,1247.04,1.4699,0.030427,0.575407,0.0,0.048319,1.163862,1.000623,0.0
P8,Seoul,baseline,7,864.36,1157.34,1157.34,1.339,0.031226,0.575334,0.0,0.048593,1.194403,1.000496,0.0
P8,Seoul,baseline,8,845.565,1173.23,1173.23,1.3875,0.031916,0.575286,0.0,0.044059,1.22081,1.000413,0.0
P8,Seoul,baseline,9,854.175,1216.09,1216.09,1.4237,0.032606,0.575258,0.0,0.044906,1.247175,1.000363,0.0
P8,Seoul,baseline,10,852.185,1206.38,1206.38,1.4156,0.033338,0.57534,0.0,0.04601,1.275183,1.000507,0.0
P8,Seoul,baseline,11,852.7,1180.26,1180.26,1.3841,0.034008,0.575243,0.0,0.04347,1.300827,1.000338,0.0
P8,Seoul,baseline,12,838.315,1132.71,1132.71,1.3512,0.03459,0.575205,0.0,0.042614,1.323095,1.000272,0.0
P8,Seoul,baseline,13,851.695,1233.01,1233.01,1.4477,0.035144,0.575075,0.0,0.04392,1.344263,1.000045,0.0
P8,Seoul,baseline,14,846.01,1213.32,1213.32,1.4342,0.035724,0.575272,0.0,0.041162,1.366444,1.000388,0.0
P8,Seoul,baseline,15,853.12,1176.3,1176.3,1.3788,0.036201,0.574958,0.0,0.043401,1.3847,0.999843,0.0
P8,Seoul,baseline,16,843.49,1139.16,1139.16,1.3505,0.036785,0.574999,0.0,0.041173,1.407038,0.999913,0.0
P8,Seoul,baseline,17,858.795,1164.05,1164.05,1.3554,0.037247,0.57502,0.0,0.043659,1.4247,0.999949,0.0
P8,Seoul,baseline,18,833.96,1112.17,1112.17,1.3336,0.037827,0.574918,0.0,0.042168,1.446899,0.999773,0.0
P8,Seoul,baseline,19,845.035,1158.05,1158.05,1.3704,0.038313,0.57502,0.0,0.0431,1.465474,0.999951,0.0
P8,Seoul,baseline,20,841.4,1145.1,1145.1,1.3609,0.038821,0.575074,0.0,0.043927,1.484908,1.000044,0.0
P8,Seoul,G0,1,467.63,1836.28,2295.35,3.9268,0.025794,0.570234,0.83642,0.056892,1.0,1.0,0.98554
P8,Seoul,G0,2,490.845,1842.04,2302.55,3.7528,0.026121,0.565875,0.835108,0.070662,1.0127,0.992354,0.983993
P8,Seoul,G0,3,487.595,1828.04,2285.05,3.7491,0.026262,0.561506,0.833697,0.057097,1.018145,0.984693,0.982332
P8,Seoul,G0,4,442.455,1837.13,2296.4125,4.1521,0.02636,0.557384,0.833842,0.058934,1.021937,0.977465,0.982502
P8,Seoul,G0,5,449.34,1850.04,2312.55,4.1172,0.026334,0.553564,0.833583,0.059314,1.020921,0.970765,0.982196
P8,Seoul,G0,6,507.52,1829.17,2286.4625,3.6041,0.026263,0.549963,0.834517,0.065549,1.018174,0.964451,0.983298
P8,Seoul,G0,7,495.025,1835.04,2293.8,3.707,0.02624,0.546233,0.834565,0.063422,1.017304,0.957909,0.983354
P8,Seoul,G0,8,492.98,1851.2,2314.0,3.7551,0.026151,0.542925,0.834045,0.057578,1.013838,0.952108,0.982741
P8,Seoul,G0,9,467.75,1836.06,2295.075,3.9253,0.026013,0.539421,0.83635,0.066289,1.008499,0.945963,0.985457
P8,Seoul,G0,10,487.27,1838.09,2297.6125,3.7722,0.025869,0.536639,0.837455,0.061529,1.002914,0.941086,0.986759
P8,Seoul,G0,11,505.355,1872.02,2340.025,3.7044,0.025752,0.533695,0.837443,0.058153,0.998389,0.935922,0.986744
P8,Seoul,G0,12,465.73,1849.03,2311.2875,3.9702,0.025528,0.530965,0.83856,0.054471,0.989676,0.931135,0.988061
P8,Seoul,G0,13,464.225,1837.02,2296.275,3.9572,0.025246,0.528085,0.840357,0.065201,0.978761,0.926084,0.990179
P8,Seoul,G0,14,476.78,1864.06,2330.075,3.9097,0.025089,0.525523,0.842645,0.058873,0.972661,0.921591,0.992874
P8,Seoul,G0,15,483.635,1860.08,2325.1,3.846,0.024986,0.522883,0.842918,0.068903,0.968676,0.916962,0.993195
P8,Seoul,G0,16,468.245,1870.07,2337.5875,3.9938,0.024782,0.520709,0.84451,0.063256,0.960775,0.913149,0.995072
P8,Seoul,G0,17,441.29,1853.0,2316.25,4.1991,0.024677,0.518669,0.845845,0.057769,0.956712,0.909571,0.996645
P8,Seoul,G0,18,476.915,1877.07,2346.3375,3.9359,0.024534,0.516511,0.846405,0.064909,0.951172,0.905787,0.997305
P8,Seoul,G0,19,492.69,1855.17,2318.9625,3.7654,0.024309,0.514718,0.847055,0.073851,0.942438,0.902643,0.998071
P8,Seoul,G0,20,532.87,1875.09,2343.8625,3.5189,0.0241,0.51295,0.848692,0.067578,0.934322,0.899542,1.0
P8,Seoul,G1,1,522.7,1713.34,2056.008,3.2779,0.025899,0.57089,0.720908,0.044775,1.0,1.0,1.002472
P8,Seoul,G1,2,541.245,1728.01,2073.612,3.1927,0.026344,0.567119,0.719513,0.055344,1.017191,0.993395,1.000532
P8,Seoul,G1,3,538.91,1717.08,2060.496,3.1862,0.02665,0.563406,0.717988,0.044429,1.02902,0.98689,0.998411
P8,Seoul,G1,4,503.58,1717.27,2060.724,3.4101,0.026919,0.559873,0.716963,0.046903,1.039407,0.980702,0.996986
P8,Seoul,G1,5,511.065,1742.14,2090.568,3.4088,0.027031,0.556583,0.715885,0.046106,1.043735,0.974939,0.995488
P8,Seoul,G1,6,560.265,1683.63,2020.356,3.0051,0.027112,0.553423,0.715012,0.050931,1.046871,0.969403,0.994274
P8,Seoul,G1,7,553.375,1725.13,2070.156,3.1175,0.027206,0.550272,0.714697,0.048797,1.050471,0.963884,0.993836
P8,Seoul,G1,8,551.87,1757.09,2108.508,3.1839,0.027261,0.547357,0.713023,0.045551,1.052622,0.958779,0.991507
P8,Seoul,G1,9,531.505,1699.07,2038.884,3.1967,0.027218,0.544366,0.715225,0.051452,1.050927,0.953538,0.99457
P8,Seoul,G1,10,546.525,1727.04,2072.448,3.16,0.027207,0.541973,0.715257,0.047968,1.050534,0.949348,0.994615
P8,Seoul,G1,11,566.225,1748.13,2097.756,3.0873,0.02716,0.539401,0.714997,0.04545,1.048721,0.944842,0.994253
P8,Seoul,G1,12,532.435,1720.04,2064.048,3.2305,0.027037,0.53694,0.715528,0.042651,1.043947,0.940531,0.99499
P8,Seoul,G1,13,528.915,1707.03,2048.436,3.2274,0.026898,0.534428,0.715723,0.050414,1.038572,0.936131,0.995262
P8,Seoul,G1,14,540.395,1726.21,2071.452,3.1943,0.026876,0.532108,0.717883,0.045351,1.037754,0.932067,0.998265
P8,Seoul,G1,15,547.6,1717.05,2060.46,3.1356,0.026842,0.529799,0.717303,0.052912,1.036429,0.928023,0.997459
P8,Seoul,G1,16,536.795,1755.18,2106.216,3.2697,0.026754,0.527747,0.718863,0.048191,1.033037,0.924428,0.999628
P8,Seoul,G1,17,512.75,1758.23,2109.876,3.429,0.026712,0.526016,0.719027,0.045193,1.031398,0.921396,0.999857
P8,Seoul,G1,18,544.985,1742.12,2090.544,3.1966,0.026649,0.524045,0.717742,0.04949,1.028987,0.917944,0.998071
P8,Seoul,G1,19,563.92,1730.05,2076.06,3.0679,0.026526,0.522518,0.718368,0.056794,1.024228,0.915269,0.99894
P8,Seoul,G1,20,595.665,1749.07,2098.884,2.9363,0.026396,0.52105,0.71913,0.050978,1.019199,0.912698,1.0
P8,Seoul,G2,1,602.055,1546.42,1701.062,2.5686,0.025954,0.57345,0.548128,0.033126,1.0,1.0,1.04181
P8,Seoul,G2,2,613.845,1535.09,1688.599,2.5008,0.026573,0.572121,0.546855,0.039365,1.023814,0.997683,1.039391
P8,Seoul,G2,3,620.045,1540.21,1694.231,2.484,0.027087,0.570663,0.544973,0.032045,1.043622,0.995141,1.035813
P8,Seoul,G2,4,591.465,1560.47,1716.517,2.6383,0.027571,0.569461,0.543775,0.035844,1.062287,0.993043,1.033537
P8,Seoul,G2,5,594.795,1532.45,1685.695,2.5764,0.027951,0.568248,0.540688,0.034255,1.076931,0.990929,1.027669
P8,Seoul,G2,6,630.31,1529.57,1682.527,2.4267,0.028233,0.566989,0.538838,0.035467,1.087773,0.988734,1.024153
P8,Seoul,G2,7,627.535,1558.01,1713.811,2.4827,0.028586,0.56557,0.537267,0.03491,1.101408,0.986259,1.021169
P8,Seoul,G2,8,625.28,1560.04,1716.044,2.4949,0.028809,0.564405,0.53526,0.033401,1.109989,0.984227,1.017353
P8,Seoul,G2,9,609.71,1520.14,1672.154,2.4932,0.029044,0.563374,0.536627,0.03647,1.119034,0.982429,1.019952
P8,Seoul,G2,10,618.725,1497.16,1646.876,2.4198,0.029347,0.562647,0.534118,0.034321,1.130699,0.981162,1.015182
P8,Seoul,G2,11,632.27,1543.38,1697.718,2.441,0.029532,0.561598,0.533795,0.032697,1.137829,0.979333,1.014569
P8,Seoul,G2,12,614.37,1500.23,1650.253,2.4419,0.029714,0.560644,0.532188,0.030741,1.144849,0.977668,1.011513
P8,Seoul,G2,13,613.32,1502.06,1652.266,2.4491,0.029853,0.559634,0.530848,0.035584,1.150193,0.975907,1.008966
P8,Seoul,G2,14,621.17,1513.33,1664.663,2.4363,0.029971,0.558685,0.532057,0.032306,1.15477,0.974253,1.011266
P8,Seoul,G2,15,622.225,1483.02,1631.322,2.3834,0.030142,0.55778,0.53057,0.037073,1.161329,0.972675,1.008439
P8,Seoul,G2,16,619.045,1507.45,1658.195,2.4351,0.030383,0.557089,0.529485,0.034331,1.170647,0.97147,1.006377
P8,Seoul,G2,17,590.97,1524.61,1677.071,2.5798,0.03051,0.556217,0.529558,0.031453,1.175526,0.969949,1.006515
P8,Seoul,G2,18,627.045,1558.24,1714.064,2.4851,0.03062,0.555392,0.527892,0.034315,1.179768,0.96851,1.00335
P8,Seoul,G2,19,638.7,1538.15,1691.965,2.4083,0.030676,0.554979,0.528042,0.038116,1.181917,0.96779,1.003635
P8,Seoul,G2,20,660.83,1569.06,1725.966,2.3744,0.030752,0.55437,0.52613,0.034809,1.184832,0.966727,1.0
