profile_num,profile_label,scenario,quarter,E_L,P99_L,P99_E_ratio,var_tau,h_bar,follow_rate,p0_eff_mean
1,bigfour_continental,baseline,1,612.67,935.2399999999998,1.5264987676889676,0.03215023331673646,0.6999408721497921,0.0,0.0
1,bigfour_continental,baseline,2,616.655,877.3599999999997,1.4227728632703858,0.03282431407662966,0.700056792792485,0.0,0.0
1,bigfour_continental,baseline,3,598.225,891.3399999999997,1.4899745079192606,0.0335584297210006,0.7001054576490237,0.0,0.0
1,bigfour_continental,baseline,4,596.22,899.4799999999996,1.5086377511656763,0.03424942758319989,0.700231549442396,0.0,0.0
1,bigfour_continental,baseline,5,608.465,903.2199999999998,1.4844239192065274,0.034820184855291564,0.7001467713496752,0.0,0.0
1,bigfour_continental,baseline,6,597.605,1004.1199999999999,1.6802402925008992,0.035362705393775756,0.6999845494791198,0.0,0.0
1,bigfour_continental,baseline,7,621.61,868.2499999999998,1.3967761136403851,0.035976529774873575,0.7001020515593137,0.0,0.0
1,bigfour_continental,baseline,8,590.035,919.06,1.5576364113993237,0.036465936138295525,0.7000047645313504,0.0,0.0
1,bigfour_continental,baseline,9,601.44,871.03,1.4482408885341844,0.036948317941042766,0.6999250017557246,0.0,0.0
1,bigfour_continental,baseline,10,601.01,923.3899999999996,1.5363970649406826,0.03750336978567266,0.6999288245872093,0.0,0.0
1,bigfour_continental,baseline,11,599.325,965.8499999999992,1.611563008384431,0.03800919290823782,0.6998861762088993,0.0,0.0
1,bigfour_continental,baseline,12,593.96,839.1999999999998,1.4128897568859853,0.038429066984997845,0.6998030054118057,0.0,0.0
1,bigfour_continental,baseline,13,611.02,916.1399999999999,1.499361723020523,0.038852902103211004,0.6997390174169812,0.0,0.0
1,bigfour_continental,baseline,14,589.115,852.6799999999994,1.4473914261222331,0.03929237596526306,0.6998538464869211,0.0,0.0
1,bigfour_continental,baseline,15,591.19,956.5499999999995,1.618007747086384,0.039645472077788096,0.6995129901203145,0.0,0.0
1,bigfour_continental,baseline,16,599.385,962.1499999999999,1.6052286927433952,0.04006038150583287,0.6994696550860826,0.0,0.0
1,bigfour_continental,baseline,17,607.135,977.0999999999999,1.6093620035082805,0.04035120936414512,0.6994983213470519,0.0,0.0
1,bigfour_continental,baseline,18,590.82,822.1799999999998,1.3915913476185637,0.040808368293699326,0.6993261099213215,0.0,0.0
1,bigfour_continental,baseline,19,603.24,880.0,1.4587892049598832,0.041202836448953215,0.699403281392164,0.0,0.0
1,bigfour_continental,baseline,20,594.03,911.1899999999998,1.5339124286652186,0.04159864967869846,0.6994199875845698,0.0,0.0
1,bigfour_continental,G0,1,539.01,1617.6999999999994,3.001243019610025,0.03180209137568772,0.6895436129445875,0.74235,0.8318905888094054
1,bigfour_continental,G0,2,582.09,1648.1899999999998,2.831503719356113,0.031893026074902145,0.6798776294979006,0.7435550000000001,0.8314813826629404
1,bigfour_continental,G0,3,564.67,1522.3099999999988,2.695928595462835,0.031836230961147606,0.6705632492135055,0.7434274999999999,0.8317369606748357
1,bigfour_continental,G0,4,561.84,1643.7099999999994,2.925583796098532,0.03171530549852,0.6616997269604069,0.7447225000000001,0.8322811252566599
1,bigfour_continental,G0,5,543.365,1656.0,3.047675135498238,0.03148190897194551,0.6533329591521698,0.7457525000000002,0.8333314096262453
1,bigfour_continental,G0,6,582.23,1717.02,2.9490407570891226,0.031218914842828197,0.6454223113508614,0.7475225000000001,0.8345148832072731
1,bigfour_continental,G0,7,558.11,1551.2199999999998,2.7794162441095835,0.031040521999540452,0.6378351695917062,0.7484975,0.835317651002068
1,bigfour_continental,G0,8,540.655,1696.1899999999998,3.1372871794397534,0.030745878500425993,0.6307919407901603,0.7492975,0.8366435467480831
1,bigfour_continental,G0,9,555.595,1682.2099999999998,3.027763028824953,0.03042665513347897,0.6237035823709997,0.7525825,0.8380800518993448
1,bigfour_continental,G0,10,559.715,1719.2199999999998,3.071598938745611,0.03014142234051204,0.6175819935874108,0.7545649999999999,0.8393635994676959
1,bigfour_continental,G0,11,545.715,1696.3499999999997,3.108490695692806,0.02987619763413486,0.6113241397012803,0.7557275000000001,0.8405571106463932
1,bigfour_continental,G0,12,541.83,1729.3099999999997,3.191609914548843,0.02947458990824923,0.6054908563562607,0.757635,0.8423643454128785
1,bigfour_continental,G0,13,598.755,1716.0,2.8659468396923615,0.02905680822082318,0.5998774969434514,0.7596749999999999,0.8442443630062958
1,bigfour_continental,G0,14,535.04,1699.2699999999998,3.1759681519138754,0.028737773951147644,0.5947438438289683,0.7634225000000001,0.8456800172198357
1,bigfour_continental,G0,15,596.49,1726.07,2.893711545876712,0.02849303251716928,0.5896777207443451,0.7645625000000001,0.8467813536727382
1,bigfour_continental,G0,16,555.595,1617.8699999999992,2.911959250893185,0.028177884692725384,0.5851969903476286,0.7672999999999999,0.8481995188827358
1,bigfour_continental,G0,17,539.695,1732.4499999999996,3.2100538266984118,0.027914476154326424,0.5810759357781583,0.7686725,0.8493848573055311
1,bigfour_continental,G0,18,571.375,1605.6999999999994,2.8102384598556105,0.027641382079413315,0.5767114940597875,0.768965,0.85061378064264
1,bigfour_continental,G0,19,604.795,1646.099999999999,2.7217486917054523,0.027292451425953147,0.5729078415897602,0.770895,0.8521839685832109
1,bigfour_continental,G0,20,607.085,1747.08,2.8778177685167643,0.026937924317823,0.5691411427901281,0.7738175000000002,0.8537793405697965
1,bigfour_continental,G1,1,550.005,1483.6599999999994,2.6975391132807873,0.03190582254434348,0.6911001861007402,0.6306075,0.7205672920770604
1,bigfour_continental,G1,2,587.465,1527.02,2.599337832892172,0.03210797106172891,0.6828695796428549,0.6308874999999999,0.7197789128592572
1,bigfour_continental,G1,3,573.175,1411.8499999999992,2.463209316526365,0.03220990321828955,0.6749717147168943,0.630235,0.7193813774486708
1,bigfour_continental,G1,4,576.56,1489.4799999999996,2.58339114749549,0.03226309474879318,0.6673979122257175,0.6316225,0.7191739304797065
1,bigfour_continental,G1,5,560.115,1514.09,2.7031770261464163,0.032167227281843264,0.6602529294147207,0.6304725000000001,0.7195478136008114
1,bigfour_continental,G1,6,594.775,1562.03,2.6262536253204996,0.03208063915342386,0.6534258417771411,0.6309049999999999,0.7198855073016469
1,bigfour_continental,G1,7,574.775,1442.1,2.5089817754773605,0.032003727747006765,0.6470122247387343,0.6315700000000001,0.7201854617866736
1,bigfour_continental,G1,8,562.585,1547.1299999999999,2.750037772069998,0.03184692680386021,0.6409257577183542,0.63099,0.7207969854649451
1,bigfour_continental,G1,9,576.7,1577.07,2.7346453962198716,0.031600752600763206,0.6348559976963277,0.634345,0.7217570648570235
1,bigfour_continental,G1,10,581.75,1557.2799999999997,2.676888697894284,0.03144670461697257,0.6295500225765912,0.63458,0.722357851993807
1,bigfour_continental,G1,11,571.665,1534.1999999999998,2.6837396027393665,0.031234870702599858,0.6241572013822559,0.63691,0.7231840042598605
1,bigfour_continental,G1,12,569.53,1569.3699999999997,2.755552824258599,0.030945897559723153,0.6190375480573171,0.6372775,0.7243109995170798
1,bigfour_continental,G1,13,618.08,1532.03,2.4786920786953144,0.030656805520700273,0.6141554560616129,0.63803,0.725438458469269
1,bigfour_continental,G1,14,567.775,1556.07,2.7406455021795604,0.030496483640553917,0.6096047146335467,0.6413,0.7260637138018398
1,bigfour_continental,G1,15,618.535,1570.6299999999994,2.5392742528717043,0.03034968087665368,0.6052293861278034,0.6406925,0.7266362445810506
1,bigfour_continental,G1,16,583.91,1505.1799999999998,2.5777602712746828,0.030123810599479713,0.6011834335927528,0.6430625000000001,0.7275171386620292
1,bigfour_continental,G1,17,570.35,1618.2599999999998,2.8373104234242126,0.029930764281426957,0.5975571788185308,0.644435,0.7282700193024348
1,bigfour_continental,G1,18,601.4,1478.06,2.457698703026272,0.029733157746269754,0.593795659940893,0.64369,0.729040684789548
1,bigfour_continental,G1,19,632.79,1531.2399999999998,2.419823322113181,0.02949979218896937,0.5904931711870958,0.64579,0.7299508104630195
1,bigfour_continental,G1,20,632.73,1600.0,2.5287247325083366,0.029219982208691403,0.5873358058397842,0.646695,0.7310420693861036
1,bigfour_continental,G2,1,567.085,1309.3499999999997,2.308913125898233,0.03198491131358079,0.6966718098568481,0.46413000000000004,0.5540452660592576
1,bigfour_continental,G2,2,586.06,1314.2999999999997,2.2426031464355183,0.03238711567097756,0.6937019504228165,0.46325500000000003,0.5528386529870672
1,bigfour_continental,G2,3,582.415,1246.02,2.1394023162178173,0.032709885899200125,0.6907375980304903,0.4625325,0.5518703423023996
1,bigfour_continental,G2,4,581.595,1249.6599999999994,2.1486773442000007,0.032982729020087496,0.6879405721284383,0.4621725,0.5510518129397375
1,bigfour_continental,G2,5,566.87,1253.04,2.2104538959549807,0.03318016117332019,0.6852024045258611,0.45996250000000005,0.5504595164800395
1,bigfour_continental,G2,6,589.745,1302.4999999999995,2.208581675130776,0.033327139997307825,0.6825786596314282,0.4584025,0.5500185800080766
1,bigfour_continental,G2,7,577.85,1203.6099999999994,2.082910789997403,0.033529049278547454,0.6801026826745442,0.45850499999999994,0.5494128521643576
1,bigfour_continental,G2,8,562.365,1264.11,2.2478461497426045,0.03357049237230682,0.6776838182511699,0.45731499999999997,0.5492885228830796
1,bigfour_continental,G2,9,576.095,1314.09,2.2810300384485194,0.03360598207124735,0.6753843852073754,0.45941249999999995,0.549182053786258
1,bigfour_continental,G2,10,575.035,1303.05,2.2660359804185832,0.03373743972842431,0.6734470611135915,0.4575725,0.5487876808147271
1,bigfour_continental,G2,11,567.78,1230.3999999999996,2.1670365282327655,0.033789228127509986,0.671278470820662,0.457945,0.5486323156174702
1,bigfour_continental,G2,12,569.11,1291.2399999999998,2.2688759642248417,0.03382464814490797,0.6692519125644091,0.45732,0.5485260555652761
1,bigfour_continental,G2,13,604.86,1251.2899999999997,2.0687266474886745,0.033820980005299796,0.6674328180748287,0.45618749999999997,0.5485370599841006
1,bigfour_continental,G2,14,569.825,1269.09,2.2271574606238755,0.03382745694275168,0.6656819149927952,0.45791250000000006,0.548517629171745
1,bigfour_continental,G2,15,603.455,1356.03,2.2471103893413757,0.033872763943207734,0.664029125549981,0.4571725,0.5483817081703768
1,bigfour_continental,G2,16,580.075,1271.2299999999998,2.191492479420764,0.0339821320390308,0.6624866984381095,0.45677750000000006,0.5480536038829077
1,bigfour_continental,G2,17,563.785,1288.7299999999993,2.285853649884263,0.03396486238882334,0.6609432168068369,0.45793999999999996,0.5481054128335301
1,bigfour_continental,G2,18,594.185,1231.03,2.0717958211668086,0.03397033171126782,0.6594593069939003,0.4571975,0.5480890048661966
1,bigfour_continental,G2,19,619.165,1352.08,2.183715164778371,0.033947585842633105,0.6582547130316542,0.4563775,0.5481572424721007
1,bigfour_continental,G2,20,612.29,1303.2599999999998,2.1285012004115695,0.03390352652310865,0.6569012983583238,0.45569499999999996,0.5482894204306741
2,bank_international,baseline,1,410.38,622.0699999999999,1.5158389785077244,0.06223681310290215,0.799552705071801,0.0,0.0
2,bank_international,baseline,2,414.295,647.03,1.5617615467239525,0.06171679906853436,0.7994596419753006,0.0,0.0
2,bank_international,baseline,3,394.375,589.02,1.493553090332805,0.06119466961059037,0.7993619598799947,0.0,0.0
2,bank_international,baseline,4,398.65,676.1599999999999,1.6961244199172203,0.06064238617229736,0.7995634928011035,0.0,0.0
2,bank_international,baseline,5,407.655,629.2899999999997,1.5436827709705505,0.06018922445985366,0.7996129251900601,0.0,0.0
2,bank_international,baseline,6,392.815,642.01,1.6343825974059036,0.05974511181331248,0.7995480800224267,0.0,0.0
2,bank_international,baseline,7,411.73,621.1299999999999,1.5085857236538505,0.05936549038864577,0.7996356692031971,0.0,0.0
2,bank_international,baseline,8,394.285,634.1699999999998,1.6084050876903757,0.0589653733708038,0.7995432631065252,0.0,0.0
2,bank_international,baseline,9,401.795,587.0799999999999,1.4611431202478873,0.05859326443656899,0.7995303303805593,0.0,0.0
2,bank_international,baseline,10,406.195,713.1099999999999,1.7555853715579954,0.05832922043731262,0.7994253844173462,0.0,0.0
2,bank_international,baseline,11,401.155,650.3199999999997,1.6211190188331188,0.058082845962819846,0.7993621921603932,0.0,0.0
2,bank_international,baseline,12,390.545,579.0899999999999,1.482774072129972,0.05769153154403213,0.7992808201459727,0.0,0.0
2,bank_international,baseline,13,407.51,660.0999999999999,1.619837549998773,0.0573177822173095,0.7992354887583372,0.0,0.0
2,bank_international,baseline,14,398.2,615.6299999999994,1.5460321446509278,0.056995530287019563,0.799329794961208,0.0,0.0
2,bank_international,baseline,15,399.925,614.1399999999999,1.5356379321122706,0.05656366334062108,0.7990678554358714,0.0,0.0
2,bank_international,baseline,16,402.71,638.1699999999998,1.5846887338283129,0.05624460271752906,0.7990659678937407,0.0,0.0
2,bank_international,baseline,17,406.475,704.2099999999998,1.7324804723537728,0.05585607812346735,0.7992444254061701,0.0,0.0
2,bank_international,baseline,18,393.405,601.2299999999998,1.5282723910473934,0.05572568126086929,0.7991205154244808,0.0,0.0
2,bank_international,baseline,19,393.8,579.2499999999998,1.4709243270695778,0.055550570713521825,0.7992392265365541,0.0,0.0
2,bank_international,baseline,20,392.34,635.0799999999999,1.618698068002243,0.05537617498579181,0.7991908966228312,0.0,0.0
2,bank_international,G0,1,441.565,1093.3799999999997,2.476147339576279,0.06188548787756076,0.7912092921191846,0.521435,0.6500809509142448
2,bank_international,G0,2,465.555,1032.5499999999995,2.217890474809635,0.06073918686598725,0.783068117871995,0.5296625,0.6548954151628535
2,bank_international,G0,3,448.37,1036.1999999999998,2.3110377589936877,0.05949875408662139,0.7751617388250639,0.53664,0.66010523283619
2,bank_international,G0,4,466.56,1213.08,2.600051440329218,0.05810225659303035,0.7677464416146,0.54531,0.6659705223092725
2,bank_international,G0,5,476.17,1201.3699999999997,2.5229854883759995,0.05684123227187303,0.760575189178588,0.5500575,0.6712668244581331
2,bank_international,G0,6,515.475,1184.3199999999988,2.2975314030748315,0.05554453014841858,0.7537313545939764,0.5577225,0.676712973376642
2,bank_international,G0,7,495.065,1022.1899999999998,2.0647591730378836,0.05427955343264399,0.7469666625421028,0.5645899999999999,0.6820258755828952
2,bank_international,G0,8,479.885,1151.2999999999997,2.3991164549840063,0.05311912704879723,0.740618269415813,0.570265,0.6868996663950517
2,bank_international,G0,9,501.19,1117.05,2.228795466789042,0.051935190438072334,0.7341715531206239,0.5788625000000001,0.6918722001600962
2,bank_international,G0,10,492.345,1127.4699999999996,2.289999898445195,0.05075937431703983,0.7283941543690945,0.58397,0.6968106278684327
2,bank_international,G0,11,490.87,1125.6399999999985,2.293152973292315,0.049737486023543775,0.7226099362050892,0.5913349999999999,0.7011025587011162
2,bank_international,G0,12,480.16,1112.7499999999993,2.317456681106296,0.04855588061641791,0.7168493463861959,0.59744,0.7060653014110447
2,bank_international,G0,13,516.855,1104.7499999999993,2.137446672664479,0.04740493458884343,0.7113862052230702,0.6030475,0.7108992747268575
2,bank_international,G0,14,484.995,1209.1399999999999,2.493097866988319,0.046322591343222363,0.7062579228869434,0.6110175,0.7154451163584661
2,bank_international,G0,15,523.145,1263.1399999999999,2.4145122289231473,0.045268496072296764,0.7011784321996103,0.6153875,0.7198723164963536
2,bank_international,G0,16,494.61,1104.2399999999989,2.2325468550979535,0.04419233794421504,0.6965698956281,0.6224325,0.7243921806342968
2,bank_international,G0,17,477.86,1166.11,2.4402753944669984,0.04314682537755349,0.6921752158713091,0.629135,0.7287833334142754
2,bank_international,G0,18,519.255,1188.8399999999983,2.289510933934191,0.04226511940995151,0.6875630637584615,0.6322625,0.7324864984782036
2,bank_international,G0,19,542.23,1150.1,2.121055640595319,0.041245616122892646,0.6834898507421618,0.6379075000000001,0.7367684122838508
2,bank_international,G0,20,540.35,1259.7299999999993,2.331322291107614,0.04032527718901306,0.6794164502106331,0.6420650000000001,0.740633835806145
2,bank_international,G1,1,434.245,883.8299999999992,2.0353256802035697,0.061990415405714046,0.793433015464371,0.3817625,0.5104316291611437
2,bank_international,G1,2,449.86,908.06,2.018539101053661,0.0609979148323049,0.7873936089466634,0.38795999999999997,0.5137068810533938
2,bank_international,G1,3,443.515,906.2599999999998,2.0433581727788233,0.05991681727731455,0.7816304721953543,0.39258249999999995,0.517274502984862
2,bank_international,G1,4,457.735,984.4099999999996,2.150611161479895,0.05869928194192129,0.7761914250929951,0.39948,0.5212923695916598
2,bank_international,G1,5,463.925,1008.5499999999995,2.173950530797003,0.057578059643423024,0.7708426285431821,0.40287000000000006,0.5249924031767041
2,bank_international,G1,6,490.805,1007.9499999999991,2.053666934933424,0.05646829745694738,0.7657590509854927,0.4076825,0.5286546183920737
2,bank_international,G1,7,478.495,898.02,1.8767594227734876,0.055327779743794825,0.7607725889943971,0.41332750000000007,0.5324183268454771
2,bank_international,G1,8,468.435,942.4199999999996,2.011847961830349,0.054251916988315066,0.7559377876693795,0.41700499999999996,0.5359686739385604
2,bank_international,G1,9,489.78,979.1999999999998,1.9992649761117234,0.0531729958119352,0.7510797347446858,0.4242825,0.5395291138206139
2,bank_international,G1,10,478.7,988.1899999999998,2.064320033423856,0.052098452777207205,0.7467769510678519,0.42869,0.5430751058352163
2,bank_international,G1,11,483.17,993.4499999999996,2.056108616015066,0.05111602395937418,0.7423815051567143,0.43422999999999995,0.5463171209340653
2,bank_international,G1,12,476.475,990.3899999999996,2.0785770502124974,0.050079621383374205,0.7379899577026475,0.4386,0.5497372494348651
2,bank_international,G1,13,506.73,954.1599999999999,1.8829751544214863,0.04904376400886624,0.7338321219567121,0.4420325,0.5531555787707414
2,bank_international,G1,14,485.71,978.0699999999999,2.0136912972761523,0.04809453677560599,0.7298031989671678,0.44805999999999996,0.5562880286405003
2,bank_international,G1,15,513.075,1025.1699999999998,1.9980899478633722,0.047123941147136555,0.7259472238751589,0.45234500000000005,0.5594909942144494
2,bank_international,G1,16,494.675,931.3799999999987,1.882811947238083,0.046206458012336776,0.7223352036376964,0.456345,0.5625186885592887
2,bank_international,G1,17,475.79,1032.1699999999998,2.169381449799281,0.045242055731901785,0.7189661815365327,0.4611425,0.5657012160847242
2,bank_international,G1,18,509.48,1028.209999999999,2.0181557666640475,0.0444014745034334,0.7153734390876934,0.4648225,0.5684751341386698
2,bank_international,G1,19,535.045,979.5499999999995,1.830780588548626,0.043487281001825584,0.712111696068219,0.4689749999999999,0.5714919726939756
2,bank_international,G1,20,528.355,1103.02,2.087649402390438,0.04267731440246543,0.7090306929755905,0.471725,0.5741648624718642
2,bank_international,G2,1,426.015,741.4499999999996,1.7404316749410222,0.06216109808594416,0.797453526831763,0.260745,0.3893540328234208
2,bank_international,G2,2,430.615,785.0699999999999,1.8231366766136803,0.061480738296394416,0.7953173077424842,0.26427,0.391068539493086
2,bank_international,G2,3,427.375,783.2299999999998,1.8326528224627079,0.06071367187094014,0.7932941536380844,0.26732750000000005,0.3930015468852308
2,bank_international,G2,4,435.705,780.3999999999996,1.7911201386259044,0.059875248554223326,0.7915744427046638,0.2723425,0.3951143736433572
2,bank_international,G2,5,436.16,782.1399999999999,1.7932410124724867,0.05915121088617506,0.7897953315798293,0.27366250000000003,0.3969389485668388
2,bank_international,G2,6,452.99,825.3499999999997,1.8220049007704358,0.05843220542679565,0.7879022229917382,0.275225,0.39875084232447494
2,bank_international,G2,7,446.42,781.03,1.7495407911831906,0.057710998091680635,0.7861824360194479,0.2785625,0.4005682848089648
2,bank_international,G2,8,436.915,768.1299999999999,1.7580765137383698,0.05696556170399306,0.7843294672969847,0.2801875,0.40244678450593746
2,bank_international,G2,9,449.225,860.2099999999998,1.9148756191218204,0.056240719611773474,0.782622730655334,0.284955,0.40427338657833084
2,bank_international,G2,10,440.06,790.2599999999998,1.7958005726491837,0.05551402217994795,0.7812252761202376,0.2872175,0.4061046641065312
2,bank_international,G2,11,434.875,779.2599999999998,1.7919172175912612,0.05474888314146476,0.7796371969026821,0.29045000000000004,0.4080328144835088
2,bank_international,G2,12,443.82,799.0899999999999,1.8004821774593303,0.05397876298178396,0.7782227768519584,0.293375,0.4099735172859045
2,bank_international,G2,13,456.045,787.3999999999996,1.7265839993860246,0.053331424064065276,0.776756938126574,0.29450249999999994,0.4116048113585555
2,bank_international,G2,14,443.965,831.2599999999998,1.8723548027434591,0.05274198523863365,0.7754761878599975,0.297515,0.41309019719864326
2,bank_international,G2,15,464.955,884.1499999999999,1.901581873514641,0.05206473126495226,0.7740888653391177,0.30013249999999997,0.4147968772123203
2,bank_international,G2,16,448.64,744.5799999999995,1.659638017118401,0.05157928665535425,0.7727258295235759,0.30196,0.4160201976285072
2,bank_international,G2,17,428.565,790.2899999999997,1.8440376605649078,0.051015756229054625,0.7716277913019559,0.3041075,0.41744029430278234
2,bank_international,G2,18,459.795,902.1199999999999,1.9620048064898485,0.050438973997338925,0.7705254590391281,0.30727,0.4188937855267059
2,bank_international,G2,19,471.565,792.1799999999998,1.679895666557102,0.04992414627999579,0.7696516055703094,0.30786250000000004,0.4201911513744106
2,bank_international,G2,20,468.36,855.02,1.8255615338628404,0.04940650134364522,0.768581271543166,0.30965250000000005,0.4214956166140141
3,conseil_elite,baseline,1,409.37,666.4799999999996,1.6280626328260488,0.028773144614032447,0.7999364093642876,0.0,0.0
3,conseil_elite,baseline,2,419.16,708.05,1.689211756847027,0.029572727299844545,0.8000866720519483,0.0,0.0
3,conseil_elite,baseline,3,399.635,622.1199999999999,1.55672050746306,0.030424993832010222,0.8000305328174935,0.0,0.0
3,conseil_elite,baseline,4,396.74,704.05,1.7745878913142106,0.031240364319932126,0.8001319160375877,0.0,0.0
3,conseil_elite,baseline,5,407.965,655.1399999999999,1.6058730528354146,0.03194057441041289,0.8000782988007884,0.0,0.0
3,conseil_elite,baseline,6,397.535,704.04,1.7710138729923148,0.03260891353617526,0.7999140133724582,0.0,0.0
3,conseil_elite,baseline,7,412.32,620.3499999999997,1.5045353123787342,0.03331720976616982,0.7999986612247935,0.0,0.0
3,conseil_elite,baseline,8,401.815,648.4599999999996,1.6138272588131344,0.03390706335580679,0.7999720828147671,0.0,0.0
3,conseil_elite,baseline,9,408.29,683.02,1.6728795708932376,0.03451029115007211,0.799957733834071,0.0,0.0
3,conseil_elite,baseline,10,410.07,691.3599999999997,1.6859560562830729,0.03517628360894416,0.8000082303959176,0.0,0.0
3,conseil_elite,baseline,11,400.645,641.2699999999988,1.6005940421070994,0.035770407113371074,0.7999296391908726,0.0,0.0
3,conseil_elite,baseline,12,392.765,622.1799999999998,1.5841024531208225,0.03627362121087411,0.7998879861190469,0.0,0.0
3,conseil_elite,baseline,13,413.98,700.1499999999999,1.69126527851587,0.03676521371160363,0.7998180832562002,0.0,0.0
3,conseil_elite,baseline,14,388.4,638.01,1.6426622039134913,0.03727447817437597,0.7999662630659101,0.0,0.0
3,conseil_elite,baseline,15,393.085,689.3199999999997,1.7536156302072063,0.03770127056145558,0.7996772640325572,0.0,0.0
3,conseil_elite,baseline,16,401.92,642.0,1.5973328025477707,0.03820061209616479,0.7997492580683131,0.0,0.0
3,conseil_elite,baseline,17,408.1,712.1699999999998,1.7450869884832145,0.038582121283858774,0.7997923454056505,0.0,0.0
3,conseil_elite,baseline,18,388.255,635.0999999999999,1.6357806081054975,0.0390954269973471,0.7995982925735171,0.0,0.0
3,conseil_elite,baseline,19,399.835,635.0999999999999,1.588405217152075,0.03953398982980767,0.7996988764536579,0.0,0.0
3,conseil_elite,baseline,20,395.865,643.4999999999995,1.625554166193019,0.0399748337199922,0.7997208355026547,0.0,0.0
3,conseil_elite,G0,1,452.95,1519.7299999999993,3.355182691246273,0.02842309765853198,0.7886404084659756,0.7059200000000001,0.7906229898341656
3,conseil_elite,G0,2,497.91,1597.2799999999997,3.2079693117230015,0.02863750303943202,0.7781376529520828,0.70623,0.7897224872343855
3,conseil_elite,G0,3,476.68,1548.1399999999999,3.247755307543845,0.028688241720789102,0.7680090600710693,0.7061075,0.7895093847726858
3,conseil_elite,G0,4,492.38,1571.1699999999998,3.190970388724156,0.028707544548360425,0.7583761500417051,0.7065625,0.7894283128968861
3,conseil_elite,G0,5,476.105,1565.2999999999997,3.2877201457661642,0.02858882465774887,0.7493152159335343,0.7065299999999999,0.7899269364374547
3,conseil_elite,G0,6,511.155,1578.01,3.087145777699524,0.02842660383584552,0.7406824649792193,0.7073275,0.7906082638894487
3,conseil_elite,G0,7,481.4,1462.179999999999,3.037349397590359,0.028325124588636195,0.7324549420231888,0.708055,0.791034476727728
3,conseil_elite,G0,8,473.745,1579.05,3.333122249311338,0.02813863314059279,0.7248713828074387,0.708125,0.7918177408095102
3,conseil_elite,G0,9,486.935,1597.04,3.2797806688777764,0.027911224456411157,0.7172986007270309,0.7111000000000002,0.792772857283073
3,conseil_elite,G0,10,483.33,1614.2699999999998,3.3398919992551668,0.02770644096165379,0.7105991153962017,0.71237,0.7936329479610541
3,conseil_elite,G0,11,476.305,1589.1399999999999,3.336391597820724,0.027530156361843066,0.7039534204457004,0.7130325,0.7943733432802591
3,conseil_elite,G0,12,476.405,1607.2299999999998,3.3736631647442823,0.02721278602228856,0.6976300520718679,0.7143074999999999,0.795706298706388
3,conseil_elite,G0,13,537.76,1602.2399999999998,2.9794703957155604,0.02686210385715417,0.6914778204834158,0.7159399999999999,0.7971791637999525
3,conseil_elite,G0,14,484.535,1614.01,3.3310493565996264,0.026635964421754164,0.6859346252460721,0.7191175000000001,0.7981289494286323
3,conseil_elite,G0,15,532.655,1619.1399999999999,3.039753686720297,0.02645515951642228,0.6804612283115372,0.7196325,0.7988883300310263
3,conseil_elite,G0,16,479.765,1539.9399999999991,3.209779788021217,0.02619590315221575,0.6756230548296489,0.7216499999999999,0.7999772067606937
3,conseil_elite,G0,17,472.135,1585.11,3.357323646838298,0.02602951250673278,0.6711099507320566,0.7232749999999999,0.8006760474717223
3,conseil_elite,G0,18,499.705,1528.3299999999997,3.05846449405149,0.025837557054873096,0.666344465306976,0.7224775,0.8014822603695331
3,conseil_elite,G0,19,538.995,1624.4799999999996,3.013905509327544,0.025547781027080888,0.6622437669649861,0.7243424999999999,0.8026993196862603
3,conseil_elite,G0,20,556.68,1669.03,2.9981856721994684,0.02527093519648413,0.6581409674712921,0.7258175,0.8038620721747666
3,conseil_elite,G1,1,441.53,1250.039999999999,2.831155300885555,0.028528067119939538,0.7913574872899468,0.535495,0.6208573785041996
3,conseil_elite,G1,2,478.815,1343.2999999999997,2.805467664964547,0.02885604161358887,0.7833732799070395,0.5357500000000001,0.6197750626751567
3,conseil_elite,G1,3,463.725,1243.7799999999993,2.6821499811310567,0.029074693343329933,0.7757046530224078,0.535055,0.6190535119670113
3,conseil_elite,G1,4,480.82,1279.5099999999995,2.6610997878624008,0.029274151311610153,0.7683203947495986,0.535295,0.6183953006716865
3,conseil_elite,G1,5,469.775,1327.06,2.824884253099888,0.02929511592822128,0.7613792010685025,0.5339975,0.6183261174368698
3,conseil_elite,G1,6,500.965,1335.03,2.664916710748256,0.02929734068500407,0.7546830936864578,0.5334150000000001,0.6183187757394866
3,conseil_elite,G1,7,474.85,1224.9199999999992,2.579593555859743,0.029309652396322453,0.7484240692466486,0.5333150000000001,0.618278147092136
3,conseil_elite,G1,8,470.99,1326.04,2.815431325505849,0.029274074183515318,0.742524392825111,0.5328200000000001,0.6183955551943996
3,conseil_elite,G1,9,488.415,1336.1999999999998,2.735788212892724,0.029142890901126164,0.7367020857891551,0.5360349999999999,0.6188284600262837
3,conseil_elite,G1,10,478.825,1323.1399999999999,2.7633060095024278,0.029076800584259984,0.7315230590496097,0.5348075,0.619046558071942
3,conseil_elite,G1,11,479.695,1332.1499999999999,2.777077101074641,0.028958475834102923,0.7263396366272662,0.5359225000000001,0.6194370297474603
3,conseil_elite,G1,12,485.63,1378.11,2.837777732018203,0.02873640293915688,0.7213296431553914,0.5363500000000001,0.6201698703007824
3,conseil_elite,G1,13,534.065,1332.2399999999998,2.4945278196474203,0.02852618019460311,0.7165054796349973,0.536945,0.6208636053578098
3,conseil_elite,G1,14,491.785,1313.2299999999998,2.6703335807314166,0.0284401433917329,0.7120717778419973,0.5390775,0.6211475268072815
3,conseil_elite,G1,15,531.485,1347.7099999999994,2.5357441884531067,0.028336086445335838,0.7077824335119323,0.5389175,0.6214909147303918
3,conseil_elite,G1,16,494.96,1338.12,2.70349119120737,0.02819129971796889,0.7038358755217783,0.53932,0.6219687109307027
3,conseil_elite,G1,17,487.07,1322.9099999999992,2.7160572402324084,0.02808761299450062,0.7002705290158378,0.5410275,0.6223108771181479
3,conseil_elite,G1,18,513.91,1275.1,2.4811737463758243,0.027977482845634397,0.6964873863671279,0.5405850000000001,0.6226743066094066
3,conseil_elite,G1,19,543.87,1350.6099999999994,2.4833324139959907,0.027794936955650433,0.6931793648494983,0.5414125,0.6232767080463536
3,conseil_elite,G1,20,550.94,1421.12,2.5794460376810537,0.02758728879771871,0.6900674929416672,0.5414125,0.6239619469675283
3,conseil_elite,G2,1,432.07,1040.7599999999993,2.408776355683105,0.028593559320890694,0.796807862632127,0.3886325,0.4739442305113555
3,conseil_elite,G2,2,449.755,1129.3999999999996,2.5111449566986463,0.029099969380062526,0.7939877007023693,0.3881875,0.4726680771622424
3,conseil_elite,G2,3,446.31,1039.04,2.3280679348434945,0.02952664656344677,0.7911644944401889,0.38650499999999993,0.4715928506601141
3,conseil_elite,G2,4,454.725,1002.4999999999995,2.2046291714772654,0.02994527105514768,0.7885066049674022,0.38644999999999996,0.47053791694102787
3,conseil_elite,G2,5,445.925,1080.4799999999996,2.42300835342266,0.030246333760477754,0.7859136928515721,0.38362250000000003,0.4697792389235961
3,conseil_elite,G2,6,460.705,1112.1299999999999,2.413974235139623,0.03046812192374185,0.7833830721420239,0.382485,0.46922033275217045
3,conseil_elite,G2,7,443.605,1033.1799999999998,2.3290540007439047,0.03074017129499464,0.7809288976402717,0.3815475000000001,0.46853476833661345
3,conseil_elite,G2,8,439.005,1057.03,2.4077857883167617,0.030886370501520936,0.7787412726627969,0.379985,0.46816634633616716
3,conseil_elite,G2,9,449.585,1076.2799999999997,2.3939410789950726,0.031024750599985742,0.7766787690907546,0.38142499999999996,0.46781762848803593
3,conseil_elite,G2,10,442.635,1081.2299999999998,2.4427123928293057,0.03126183264951026,0.7748528537215569,0.379915,0.46722018172323415
3,conseil_elite,G2,11,441.815,1063.03,2.406052306961058,0.03139567534012347,0.7728409940732122,0.380425,0.46688289814288886
3,conseil_elite,G2,12,445.66,1068.6699999999994,2.397949109186374,0.03149251861209362,0.7709294908373246,0.37943750000000004,0.46663885309752406
3,conseil_elite,G2,13,484.775,1065.06,2.197019235727915,0.03155922006359003,0.7691881402676143,0.37713750000000007,0.4664707654397531
3,conseil_elite,G2,14,446.71,1036.8699999999992,2.3211255624454328,0.031620297314360106,0.7675278859153845,0.3783825,0.46631685076781254
3,conseil_elite,G2,15,480.225,1093.3399999999997,2.2767244520797534,0.03173148114915142,0.7659809735660863,0.37770250000000005,0.4660366675041384
3,conseil_elite,G2,16,449.41,1021.1099999999999,2.2721123250483966,0.03192093148258349,0.764625070072749,0.37726,0.4655592526638896
3,conseil_elite,G2,17,439.86,1049.6799999999994,2.3863956713499737,0.032009669999893076,0.7630830720362383,0.37746999999999997,0.4653356316002694
3,conseil_elite,G2,18,460.285,996.2199999999998,2.1643546932878537,0.032058868931414165,0.7615848364910255,0.3772,0.4652116502928363
3,conseil_elite,G2,19,482.755,1078.3899999999996,2.2338246108274378,0.03206169231277305,0.7604379444859617,0.37648499999999996,0.46520453537181194
3,conseil_elite,G2,20,485.66,1087.03,2.2382530988757567,0.03210272491757125,0.7591721660183695,0.3755375,0.4651011332077205
4,juridique_continental,baseline,1,821.165,1177.11,1.4334634330493872,0.03643129789037022,0.5997486042434538,0.0,0.0
4,juridique_continental,baseline,2,813.155,1079.1,1.327053267827167,0.03695636826314853,0.5998708048975544,0.0,0.0
4,juridique_continental,baseline,3,792.07,1082.1699999999998,1.366255507720277,0.03750469205770976,0.6000171553543083,0.0,0.0
4,juridique_continental,baseline,4,800.12,1143.4199999999996,1.429060640903864,0.03806007834617012,0.6001928423643182,0.0,0.0
4,juridique_continental,baseline,5,802.555,1099.4599999999996,1.3699497230719386,0.038501550943565534,0.6001246557826717,0.0,0.0
4,juridique_continental,baseline,6,798.795,1155.5599999999995,1.4466289849085179,0.03890708281649251,0.6000583973031683,0.0,0.0
4,juridique_continental,baseline,7,814.06,1081.1,1.3280347885905215,0.039346904631210565,0.6001988110122751,0.0,0.0
4,juridique_continental,baseline,8,790.685,1099.1399999999999,1.3901111061927316,0.03972774602960011,0.599916217325691,0.0,0.0
4,juridique_continental,baseline,9,801.23,1149.1,1.4341699636808405,0.040063529000944786,0.5996954734494091,0.0,0.0
4,juridique_continental,baseline,10,803.3,1144.5399999999995,1.4247977094485242,0.04050743966239008,0.5998042853313099,0.0,0.0
4,juridique_continental,baseline,11,807.52,1126.2799999999997,1.394739449177729,0.04092291211920216,0.5996161770296609,0.0,0.0
4,juridique_continental,baseline,12,797.76,1092.1499999999999,1.3690207581227436,0.04122979650608319,0.5992748675246626,0.0,0.0
4,juridique_continental,baseline,13,808.175,1114.2299999999998,1.3786989204070899,0.04152914172968716,0.5992272287738685,0.0,0.0
4,juridique_continental,baseline,14,796.83,1086.11,1.3630385402156042,0.04187772272700064,0.5993343319666695,0.0,0.0
4,juridique_continental,baseline,15,798.64,1120.06,1.402459180607032,0.042126543144117005,0.5989913413102691,0.0,0.0
4,juridique_continental,baseline,16,805.395,1112.3699999999997,1.3811483806082725,0.04246291525900842,0.5989738660516851,0.0,0.0
4,juridique_continental,baseline,17,806.655,1176.04,1.4579219120937699,0.042663673911164934,0.5990475009806023,0.0,0.0
4,juridique_continental,baseline,18,788.01,1037.2799999999997,1.316328472988921,0.04300991126630385,0.5989214377851638,0.0,0.0
4,juridique_continental,baseline,19,801.685,1080.12,1.3473122236289814,0.04332913738758312,0.5990572447098704,0.0,0.0
4,juridique_continental,baseline,20,789.795,1059.04,1.3409049183648922,0.04363460623196589,0.5991106506621328,0.0,0.0
4,juridique_continental,G0,1,609.315,1759.1399999999999,2.887078112306442,0.03608485610194175,0.5951161444716193,0.7713525,0.8667926907106798
4,juridique_continental,G0,2,666.235,1754.2899999999997,2.633139958122884,0.03599470475299757,0.5909024380738804,0.7733775,0.8672254171856117
4,juridique_continental,G0,3,630.84,1728.06,2.739299980977744,0.03581959731440433,0.5867613223540942,0.773725,0.8680659328908592
4,juridique_continental,G0,4,635.95,1767.02,2.778551772938124,0.03555889824847631,0.5827103421403376,0.7761225,0.8693172884073137
4,juridique_continental,G0,5,612.69,1754.1,2.8629486363413794,0.03518800162927868,0.5788837412597956,0.778165,0.8710975921794624
4,juridique_continental,G0,6,639.69,1788.09,2.7952445715893632,0.03474796703353567,0.5753385186382937,0.7809774999999999,0.8732097582390288
4,juridique_continental,G0,7,616.98,1710.9399999999991,2.7730882686634883,0.034399693548333526,0.5716186605562901,0.7829249999999999,0.8748814709679991
4,juridique_continental,G0,8,600.685,1785.01,2.971624062528613,0.03392937617379404,0.5681384222095707,0.7852875,0.8771389943657887
4,juridique_continental,G0,9,581.905,1780.01,3.058935736933005,0.03348684704927286,0.5647630725201689,0.7894625000000001,0.8792631341634903
4,juridique_continental,G0,10,594.98,1782.1,2.995226730310262,0.03301870323756318,0.5620449382398671,0.7925725,0.8815102244596967
4,juridique_continental,G0,11,592.225,1797.05,3.0344041538266704,0.032656916259742055,0.5591428911302374,0.7937975,0.8832468019532382
4,juridique_continental,G0,12,575.0,1769.1299999999999,3.0767478260869563,0.03213612274145843,0.5562182206056246,0.7971699999999999,0.8857466108409996
4,juridique_continental,G0,13,639.475,1802.1,2.818092966886899,0.031614347504917574,0.5534601635457413,0.8000900000000002,0.8882511319763957
4,juridique_continental,G0,14,578.555,1763.12,3.0474544338913327,0.031171750808093382,0.5509661551309806,0.8044125,0.8903755961211519
4,juridique_continental,G0,15,644.2,1805.02,2.801955914312325,0.030817728118701645,0.5483495833081432,0.8065975000000001,0.8920749050302322
4,juridique_continental,G0,16,585.935,1688.7299999999993,2.882111497009053,0.030412447283800846,0.546205979365327,0.809485,0.894020253037756
4,juridique_continental,G0,17,569.265,1800.3699999999997,3.1626219774621656,0.030048898674346874,0.5441856012543598,0.812235,0.895765286363135
4,juridique_continental,G0,18,591.5,1773.2899999999997,2.9979543533389683,0.02970801682501129,0.5419769907892015,0.8128075,0.8974015192399459
4,juridique_continental,G0,19,646.49,1794.5099999999995,2.775773793871521,0.029272535432350474,0.5401143720369468,0.815605,0.8994918299247178
4,juridique_continental,G0,20,646.975,1813.06,2.802364851810348,0.028826699540768743,0.5383754257550245,0.8191525,0.9016318422043103
4,juridique_continental,G1,1,638.955,1635.3999999999996,2.5594916699924086,0.03618838971392166,0.5957593092517285,0.6623025000000001,0.758008763201529
4,juridique_continental,G1,2,684.81,1629.4799999999996,2.379462916721426,0.036218464835866805,0.5921559274016353,0.663645,0.7578824476893594
4,juridique_continental,G1,3,655.5,1575.1799999999998,2.4030205949656747,0.03618827993519693,0.5887188289948025,0.6632849999999999,0.7580092242721729
4,juridique_continental,G1,4,662.375,1629.2299999999998,2.4596791847518396,0.036095460428944216,0.5852259460358445,0.6649775,0.7583990661984343
4,juridique_continental,G1,5,641.74,1616.2199999999998,2.5184965874029976,0.03586151918668554,0.5819269711765557,0.6651425000000001,0.7593816194159205
4,juridique_continental,G1,6,669.11,1662.03,2.4839413549341662,0.035600468965123276,0.5788312881090676,0.6666374999999999,0.7604780303464821
4,juridique_continental,G1,7,647.48,1585.9099999999992,2.4493575091122493,0.03535816871348344,0.575733657409583,0.6679425000000001,0.7614956914033695
4,juridique_continental,G1,8,634.97,1643.2499999999998,2.5879175394113103,0.03503955599804491,0.572705645782898,0.6686099999999999,0.7628338648082115
4,juridique_continental,G1,9,623.21,1643.01,2.636366553810112,0.034672440854789384,0.5697875463904039,0.6721174999999999,0.7643757484098846
4,juridique_continental,G1,10,630.41,1669.1499999999999,2.6477213242175726,0.03435438122414291,0.5673903485833841,0.67447,0.7657115988585997
4,juridique_continental,G1,11,628.205,1650.1299999999999,2.626738087089405,0.03404034089070729,0.5648528524782034,0.6759675,0.7670305682590294
4,juridique_continental,G1,12,616.525,1652.2099999999998,2.679875106443372,0.03363067516902746,0.5622697119767457,0.6781075000000001,0.7687511642900847
4,juridique_continental,G1,13,675.755,1656.0,2.4505923004639256,0.033225262027029044,0.5598606354900695,0.6797,0.7704538994864779
4,juridique_continental,G1,14,623.495,1636.1299999999999,2.624126897569347,0.03294588359179969,0.5576664642439485,0.6832849999999999,0.7716272889144414
4,juridique_continental,G1,15,676.675,1657.4099999999996,2.4493442198987694,0.032692462469504566,0.5553861308423058,0.68349,0.7726916576280807
4,juridique_continental,G1,16,630.395,1590.4199999999996,2.522894375748538,0.032388053467043064,0.5533985231845631,0.6867525000000001,0.7739701754384192
4,juridique_continental,G1,17,613.915,1691.04,2.754518133617846,0.03209221809510033,0.5515483182333203,0.688535,0.7752126840005786
4,juridique_continental,G1,18,635.595,1627.04,2.559869099033189,0.03180160286011371,0.5497183220744004,0.6879225,0.7764332679875224
4,juridique_continental,G1,19,683.885,1666.1399999999999,2.436286802605701,0.03147646913935041,0.548155002943523,0.6899575,0.7777988296147282
4,juridique_continental,G1,20,678.615,1681.03,2.4771483094243423,0.03109851650160507,0.5466992185389314,0.6921550000000001,0.7793862306932585
4,juridique_continental,G2,1,685.205,1441.4399999999996,2.1036624076006443,0.03628451064066911,0.5982298820160138,0.49876750000000003,0.595261114885792
4,juridique_continental,G2,2,710.825,1462.4799999999996,2.0574402982449964,0.036537332696478825,0.5969436435859785,0.4990775,0.5944268021016199
4,juridique_continental,G2,3,692.08,1384.08,1.9998844064270025,0.0367233172314366,0.5956405507992831,0.49896999999999997,0.5938130531362593
4,juridique_continental,G2,4,701.13,1432.3599999999997,2.0429306975881785,0.03687640210254556,0.5943925349622287,0.498955,0.5933078730615997
4,juridique_continental,G2,5,684.04,1407.3599999999997,2.0574235424828955,0.036964188308326165,0.593059256261016,0.49683750000000004,0.5930181785825236
4,juridique_continental,G2,6,701.935,1480.11,2.1086140454600497,0.0369868685275335,0.5918179773073705,0.49656999999999996,0.5929433338591396
4,juridique_continental,G2,7,684.635,1371.9399999999991,2.003899888261627,0.03704583991508139,0.5905979279137107,0.49691,0.5927487282802315
4,juridique_continental,G2,8,674.12,1440.1499999999999,2.136340710852667,0.03698319759999938,0.5892530580099303,0.495835,0.5929554479200021
4,juridique_continental,G2,9,669.5,1430.0,2.1359223300970873,0.03688154369360062,0.5880702694216339,0.49918,0.593290905811118
4,juridique_continental,G2,10,668.165,1427.11,2.135864644212133,0.036918476901798725,0.5873189728001306,0.49717,0.5931690262240642
4,juridique_continental,G2,11,671.775,1443.01,2.148055524543188,0.03688990941653797,0.5862826597132912,0.49796250000000003,0.5932632989254247
4,juridique_continental,G2,12,662.01,1491.03,2.2522771559342005,0.03680440680377113,0.5852263537286411,0.4979925,0.5935454575475554
4,juridique_continental,G2,13,701.36,1410.1299999999999,2.010565187635451,0.03671241813105257,0.5844417886976075,0.49772500000000003,0.5938490201675266
4,juridique_continental,G2,14,669.715,1395.2799999999997,2.0833936823872836,0.03661570348542246,0.5837912051934564,0.499885,0.594168178498106
4,juridique_continental,G2,15,703.28,1434.8999999999992,2.0402968945512443,0.03652146945478628,0.5830352367517981,0.49950000000000006,0.5944791507992053
4,juridique_continental,G2,16,676.12,1419.11,2.098902561675442,0.036563282875419566,0.5824013829272271,0.49969499999999994,0.5943411665111155
4,juridique_continental,G2,17,655.245,1443.1899999999998,2.202519668215705,0.03644201022936546,0.581606956843983,0.5009725,0.594741366243094
4,juridique_continental,G2,18,680.015,1416.3099999999997,2.082762880230583,0.036366020762335444,0.5810608702819449,0.50078,0.5949921314842931
4,juridique_continental,G2,19,713.475,1468.06,2.0576193980167488,0.03628795720651155,0.5806458636356533,0.500555,0.5952497412185119
4,juridique_continental,G2,20,706.37,1414.2099999999998,2.0020810623327714,0.036115017128653525,0.5801034820249698,0.5001525,0.5958204434754434
5,startup_tech,baseline,1,668.09,1010.079999999999,1.5118921103444132,0.0419383589624921,0.6746329675973171,0.0,0.0
5,startup_tech,baseline,2,673.265,926.04,1.3754465180872315,0.04220085663595784,0.674826784081856,0.0,0.0
5,startup_tech,baseline,3,647.035,910.8099999999993,1.4076672822953926,0.042498536380267904,0.6749096424588159,0.0,0.0
5,startup_tech,baseline,4,648.04,956.5999999999995,1.476143447935312,0.04285334849793296,0.6751366291510386,0.0,0.0
5,startup_tech,baseline,5,661.18,908.3999999999996,1.3739072567228285,0.043035230600586394,0.6751284670762959,0.0,0.0
5,startup_tech,baseline,6,641.405,961.0299999999991,1.4983200941682697,0.04321026231968849,0.6750000802288738,0.0,0.0
5,startup_tech,baseline,7,671.945,940.03,1.3989686655901896,0.043534676750280804,0.6751223118270576,0.0,0.0
5,startup_tech,baseline,8,645.365,907.2999999999997,1.405871096201374,0.04377159819486184,0.6748438452013139,0.0,0.0
5,startup_tech,baseline,9,653.885,952.6599999999994,1.4569228534069438,0.04394966425111063,0.6748032867350091,0.0,0.0
5,startup_tech,baseline,10,662.155,971.2999999999997,1.466877090711389,0.04428279712878254,0.6747561987051459,0.0,0.0
5,startup_tech,baseline,11,658.365,976.3699999999997,1.483022335634488,0.0445477272138084,0.6746602491554987,0.0,0.0
5,startup_tech,baseline,12,641.5,908.03,1.4154793452844894,0.04473787018165252,0.6744955165896903,0.0,0.0
5,startup_tech,baseline,13,659.17,959.04,1.45492058194396,0.0448904137894685,0.6744842510621869,0.0,0.0
5,startup_tech,baseline,14,643.045,871.0,1.3544930759122613,0.04511453225639819,0.6744695174919428,0.0,0.0
5,startup_tech,baseline,15,653.57,987.3199999999997,1.510656853894762,0.0452022035920287,0.674286869038124,0.0,0.0
5,startup_tech,baseline,16,643.195,934.01,1.4521412635359416,0.045397111609603635,0.6743454082672096,0.0,0.0
5,startup_tech,baseline,17,659.17,929.2099999999998,1.4096667020647176,0.045511650260328655,0.6744814363379595,0.0,0.0
5,startup_tech,baseline,18,643.635,920.4499999999996,1.4300807134478386,0.04571153102478696,0.6743308139350802,0.0,0.0
5,startup_tech,baseline,19,654.535,936.0899999999999,1.4301603428388092,0.04589771107275435,0.6744408348815852,0.0,0.0
5,startup_tech,baseline,20,640.88,962.1099999999999,1.5012326800649105,0.04608249147142701,0.6744802476159313,0.0,0.0
5,startup_tech,G0,1,426.67,1499.5599999999995,3.514566292450839,0.041594087575319086,0.658643711890073,0.789755,0.8928701533658727
5,startup_tech,G0,2,465.485,1462.5399999999995,3.1419702031214745,0.04122873062981693,0.6438410588180972,0.7933149999999999,0.8947334737879337
5,startup_tech,G0,3,429.985,1396.6599999999994,3.2481598195285866,0.04078137731649761,0.6297113819996696,0.7963149999999999,0.8970149756858622
5,startup_tech,G0,4,426.7,1452.4699999999987,3.4039606280759287,0.04031371034515061,0.6164579649794396,0.7993775,0.8994000772397318
5,startup_tech,G0,5,449.195,1452.2499999999989,3.2330057102149374,0.03970646522939397,0.603916417270926,0.8037325,0.9024970273300906
5,startup_tech,G0,6,483.45,1519.3299999999988,3.142682800703276,0.03909868730168619,0.5920266763895138,0.8074975000000001,0.9055966947614005
5,startup_tech,G0,7,443.97,1323.2799999999988,2.9805617496677677,0.038604522939962325,0.5807220833856572,0.810525,0.9081169330061922
5,startup_tech,G0,8,438.76,1470.4599999999987,3.3513993983043093,0.037992070978762296,0.5702335553674235,0.8138175000000001,0.9112404380083123
5,startup_tech,G0,9,470.87,1653.109999999999,3.5107566844351923,0.037401899302611306,0.5599449042906067,0.8189675000000001,0.9142503135566824
5,startup_tech,G0,10,432.665,1466.06,3.3884414038574877,0.03677543504986226,0.5508576339655921,0.8234075000000002,0.9174452812457026
5,startup_tech,G0,11,449.95,1509.3399999999988,3.3544616068452022,0.03625469527048372,0.5418976255704346,0.825735,0.9201010541205331
5,startup_tech,G0,12,413.33,1484.07,3.5905208912975106,0.035571947537191145,0.5334062048252827,0.83056,0.923583067560325
5,startup_tech,G0,13,472.67,1530.8899999999992,3.238813548564536,0.03491890028341477,0.5254721036277599,0.8343674999999999,0.9269136085545847
5,startup_tech,G0,14,413.73,1793.3299999999997,4.334541850965604,0.03430009742642519,0.5181899023703689,0.8399575,0.9300695031252314
5,startup_tech,G0,15,470.33,1785.6399999999994,3.7965683668913304,0.033760028017202064,0.5109670856722542,0.8430250000000001,0.9328238571122696
5,startup_tech,G0,16,428.955,1481.2999999999997,3.453275984660395,0.03320167062403736,0.5046467919321939,0.84699,0.9356714798174095
5,startup_tech,G0,17,407.78,1350.2499999999998,3.311221737211241,0.03270512151163275,0.4989721484069922,0.8507849999999999,0.938203880290673
5,startup_tech,G0,18,400.72,1663.4399999999996,4.15112796965462,0.03224201326141793,0.4928005783232124,0.8531725,0.9405657323667685
5,startup_tech,G0,19,437.215,1368.2499999999998,3.129467195773246,0.03171074708207839,0.4875009131069693,0.8562199999999999,0.9432751898814001
5,startup_tech,G0,20,459.685,1677.5999999999985,3.649455605468959,0.0311799849570418,0.4822651108039872,0.8599725,0.9459820767190869
5,startup_tech,G1,1,443.08,1449.5799999999995,3.271598808341608,0.04169726271906812,0.6597104552236672,0.7365999999999999,0.8398531389484731
5,startup_tech,G1,2,478.48,1415.3999999999996,2.9581173716769764,0.041456978971691996,0.6459127249020744,0.73921,0.8410065009358785
5,startup_tech,G1,3,448.185,1356.4999999999995,3.026651940604883,0.04116179323668773,0.632772258473927,0.741015,0.8424233924638991
5,startup_tech,G1,4,449.04,1394.189999999999,3.104823623730623,0.04086919072361784,0.6203347851772782,0.7439325,0.8438278845266345
5,startup_tech,G1,5,469.185,1377.2699999999988,2.935451900636207,0.04039707167743634,0.6086225776599297,0.7461249999999999,0.8460940559483054
5,startup_tech,G1,6,504.06,1465.9499999999991,2.9082847280085686,0.03997053046414749,0.5974926959924757,0.7490350000000001,0.8481414537720922
5,startup_tech,G1,7,470.805,1304.9399999999991,2.771720776117499,0.03957453333771389,0.5870023255889926,0.751345,0.8500422399789734
5,startup_tech,G1,8,461.72,1423.079999999999,3.082127696439398,0.03912186675224278,0.5772020113815363,0.7531025,0.8522150395892347
5,startup_tech,G1,9,496.14,1587.029999999999,3.1987543838432684,0.03860178154756538,0.5675649222408321,0.75768,0.8547114485716862
5,startup_tech,G1,10,460.625,1421.0,3.0849389416553596,0.03811561393317568,0.5590055631575547,0.7609775000000001,0.8570450531207569
5,startup_tech,G1,11,478.475,1465.129999999999,3.0620826584461027,0.03765915222506254,0.5505873746068213,0.7628149999999999,0.8592360693196999
5,startup_tech,G1,12,447.945,1448.1699999999998,3.2329192199935255,0.03708553047193384,0.5425900380957686,0.7664175,0.8619894537347177
5,startup_tech,G1,13,503.465,1477.6299999999994,2.9349209974874113,0.03655259952043663,0.5350333220384169,0.7696999999999999,0.8645475223019042
5,startup_tech,G1,14,451.015,1743.1399999999999,3.864926887132357,0.03611787547769096,0.5280683201280874,0.7739525,0.8666341977070835
5,startup_tech,G1,15,505.06,1714.2599999999998,3.3941709895853953,0.03566660553313875,0.5213030012838042,0.776455,0.868800293440934
5,startup_tech,G1,16,466.905,1440.2499999999998,3.0846746126085605,0.03525694059086073,0.5152274990102673,0.7791424999999998,0.8707666851638686
5,startup_tech,G1,17,450.275,1307.3799999999997,2.903514518905113,0.03484615554780661,0.5098138607425422,0.7817425,0.8727384533705284
5,startup_tech,G1,18,446.23,1618.04,3.6260224547878894,0.0344393694583503,0.5040770518943742,0.783125,0.8746910265999186
5,startup_tech,G1,19,481.2,1308.6999999999994,2.7196591853699075,0.03401016620663677,0.4990238637115022,0.7858475,0.8767512022081436
5,startup_tech,G1,20,499.22,1574.8499999999983,3.1546212090861707,0.03355679684933929,0.494271581292438,0.78897,0.8789273751231715
5,startup_tech,G2,1,475.655,1343.2699999999998,2.8240426359441186,0.0418184949453392,0.6682327528268732,0.6304500000000001,0.7343623212295753
5,startup_tech,G2,2,502.035,1309.2699999999998,2.607925742229127,0.041816841001063886,0.6623308923194722,0.632095,0.7343692677955318
5,startup_tech,G2,3,474.63,1244.2699999999998,2.6215578450582555,0.04176010874869442,0.6566003947963733,0.6322500000000001,0.7346075432554835
5,startup_tech,G2,4,475.94,1276.2399999999989,2.681514476614697,0.041755824385875,0.6511641988216244,0.6334675,0.7346255375793249
5,startup_tech,G2,5,492.715,1273.3899999999987,2.584435221172481,0.04163419731089871,0.6459722875154942,0.6327425,0.7351363712942254
5,startup_tech,G2,6,522.075,1347.6399999999994,2.581314945170712,0.0415275036577218,0.6409003891737796,0.6336375,0.7355844846375684
5,startup_tech,G2,7,491.71,1226.3599999999997,2.4940717089341273,0.04145387113197805,0.6361140143787994,0.634235,0.7358937412456922
5,startup_tech,G2,8,484.185,1323.989999999999,2.734471328108056,0.04124792134839333,0.6313560484588715,0.634095,0.736758730336748
5,startup_tech,G2,9,514.22,1467.07,2.853000661195597,0.04101994345314104,0.626871717983729,0.6365525000000001,0.7377162374968077
5,startup_tech,G2,10,484.27,1258.02,2.5977657092118034,0.04088989606486196,0.6229327614686899,0.6372275,0.7382624365275796
5,startup_tech,G2,11,494.635,1336.02,2.701021965691874,0.04073773281242196,0.618864119982067,0.6387750000000001,0.7389015221878278
5,startup_tech,G2,12,474.34,1313.1399999999999,2.7683518151536872,0.04050379354093016,0.6150739683345333,0.6396125,0.7398840671280934
5,startup_tech,G2,13,520.59,1330.4799999999996,2.555715630342495,0.04030987834309185,0.6116200689768556,0.6396999999999999,0.7406985109590142
5,startup_tech,G2,14,478.055,1552.1,3.246697555720576,0.04007428060724222,0.6081381681170188,0.643805,0.7416880214495827
5,startup_tech,G2,15,519.715,1500.1999999999998,2.8865820690185964,0.03983510142258913,0.605101642595948,0.643655,0.7426925740251257
5,startup_tech,G2,16,494.17,1281.6599999999994,2.593560920331059,0.03973028489140803,0.6021523043562401,0.6454825,0.7431328034560863
5,startup_tech,G2,17,478.9,1192.119999999999,2.4892879515556463,0.03954288672117876,0.5993605812999792,0.6461025,0.7439198757710491
5,startup_tech,G2,18,474.68,1456.2999999999997,3.067961574113086,0.03934468161896663,0.5967366502230137,0.6454774999999999,0.74475233720034
5,startup_tech,G2,19,507.605,1192.6299999999994,2.3495237438559498,0.039196928357386696,0.5942369821469029,0.6464699999999999,0.7453729008989758
5,startup_tech,G2,20,522.47,1448.039999999999,2.7715275518211553,0.03894656775371001,0.5916175354069304,0.646765,0.746424415434418
6,agence_creative,baseline,1,816.44,1081.6599999999994,1.3248493459409134,0.06223681310290215,0.5994036067624015,0.0,0.0
6,agence_creative,baseline,2,822.54,1122.02,1.3640917159043937,0.06171679906853436,0.5992795226337342,0.0,0.0
6,agence_creative,baseline,3,793.15,1042.09,1.3138624472041858,0.06119466961059037,0.5991492798399929,0.0,0.0
6,agence_creative,baseline,4,802.25,1076.8399999999992,1.3422748519788086,0.06064238617229736,0.5994179904014715,0.0,0.0
6,agence_creative,baseline,5,807.1,1061.2399999999998,1.3148804361293518,0.06018922445985366,0.5994839002534134,0.0,0.0
6,agence_creative,baseline,6,790.585,1066.3299999999997,1.3487860255380506,0.05974511181331248,0.5993974400299025,0.0,0.0
6,agence_creative,baseline,7,811.405,1072.07,1.321251409592004,0.05936549038864577,0.5995142256042628,0.0,0.0
6,agence_creative,baseline,8,792.49,1076.06,1.3578215497987356,0.0589653733708038,0.5993910174753669,0.0,0.0
6,agence_creative,baseline,9,796.575,1046.03,1.3131594639550574,0.05859326443656899,0.5993737738407456,0.0,0.0
6,agence_creative,baseline,10,807.085,1084.3699999999997,1.3435635651759104,0.05832922043731262,0.599233845889795,0.0,0.0
6,agence_creative,baseline,11,805.245,1118.1399999999999,1.3885711801998148,0.058082845962819846,0.599149589547191,0.0,0.0
6,agence_creative,baseline,12,787.15,1069.06,1.3581401257701835,0.05769153154403213,0.5990410935279639,0.0,0.0
6,agence_creative,baseline,13,812.915,1093.2299999999998,1.344826949927114,0.0573177822173095,0.598980651677783,0.0,0.0
6,agence_creative,baseline,14,800.255,1080.2099999999998,1.3498322409731895,0.056995530287019563,0.5991063932816109,0.0,0.0
6,agence_creative,baseline,15,799.105,1082.5799999999995,1.3547406160642212,0.05656366334062108,0.598757140581162,0.0,0.0
6,agence_creative,baseline,16,803.755,1082.04,1.346231127644618,0.05624460271752906,0.5987546238583211,0.0,0.0
6,agence_creative,baseline,17,811.59,1230.2299999999998,1.5158269569610268,0.05585607812346735,0.5989925672082268,0.0,0.0
6,agence_creative,baseline,18,796.005,1043.05,1.3103560907280734,0.05572568126086929,0.5988273538993079,0.0,0.0
6,agence_creative,baseline,19,793.385,1064.1499999999999,1.341278194067193,0.055550570713521825,0.5989856353820724,0.0,0.0
6,agence_creative,baseline,20,792.87,1069.1799999999998,1.3484934478539985,0.05537617498579181,0.5989211954971082,0.0,0.0
6,agence_creative,G0,1,471.54,1046.5899999999986,2.219514781354707,0.06188548787756076,0.5957152736862177,0.614265,0.7429496581877083
6,agence_creative,G0,2,465.415,956.8299999999992,2.055864121268114,0.06073918686598725,0.5920221283478415,0.6226375000000001,0.7484519030432614
6,agence_creative,G0,3,453.49,956.4099999999987,2.1089990959006784,0.05949875408662139,0.5883609514203212,0.6310800000000001,0.7544059803842174
6,agence_creative,G0,4,457.64,1197.3499999999997,2.616357835853509,0.05810225659303035,0.5850907422542216,0.64028,0.7611091683534545
6,agence_creative,G0,5,461.97,1109.7299999999993,2.402168972011168,0.05684123227187303,0.5818866309372392,0.6468975,0.7671620850950095
6,agence_creative,G0,6,484.24,1140.2299999999998,2.3546794977697005,0.05554453014841858,0.57893383598999,0.6546375000000001,0.773386255287591
6,agence_creative,G0,7,455.09,1141.2399999999998,2.507723746951152,0.05427955343264399,0.5757904279588648,0.6621775,0.779458143523309
6,agence_creative,G0,8,436.72,1157.2899999999997,2.64995878366001,0.05311912704879723,0.5729446465295954,0.6686525,0.7850281901657733
6,agence_creative,G0,9,456.51,1205.1999999999998,2.6400297912422506,0.051935190438072334,0.5699785051782993,0.6777175,0.7907110858972528
6,agence_creative,G0,10,411.125,1023.6399999999994,2.4898510185466693,0.05075937431703983,0.567446152734075,0.6846274999999999,0.796355003278209
6,agence_creative,G0,11,421.96,1062.5699999999995,2.5181770783960555,0.049737486023543775,0.5649235530010364,0.6905074999999999,0.8012600670869899
6,agence_creative,G0,12,407.93,1118.159999999999,2.7410585149412863,0.04855588061641791,0.5621798354158334,0.6977475000000001,0.8069317730411941
6,agence_creative,G0,13,426.295,1106.3399999999988,2.595245076766086,0.04740493458884343,0.5596127228282354,0.7045725000000002,0.8124563139735517
6,agence_creative,G0,14,399.055,1227.989999999999,3.077244991291925,0.046322591343222363,0.5572842926853406,0.7131649999999999,0.8176515615525326
6,agence_creative,G0,15,404.71,1231.02,3.041733587012923,0.045268496072296764,0.5549460322046638,0.7189725,0.8227112188529756
6,agence_creative,G0,16,415.175,1115.02,2.685662672367074,0.04419233794421504,0.5528766296350132,0.7260575,0.8278767778677678
6,agence_creative,G0,17,381.385,945.3999999999978,2.4788599446753223,0.04314682537755349,0.5508600413691146,0.7329574999999999,0.8328952381877435
6,agence_creative,G0,18,376.605,1336.6499999999994,3.549209383837175,0.04226511940995151,0.5487731511059986,0.7365349999999999,0.8371274268322328
6,agence_creative,G0,19,391.26,1099.3699999999997,2.8098195573276072,0.041245616122892646,0.5470192042223446,0.7424425000000001,0.8420210426101152
6,agence_creative,G0,20,389.24,1285.6999999999994,3.303103483711847,0.04032527718901306,0.5452590217138971,0.7487699999999999,0.8464386694927373
6,agence_creative,G1,1,523.445,1004.3899999999987,1.9188071335097263,0.061990415405714046,0.5962642164477342,0.5208675,0.6496402552960009
6,agence_creative,G1,2,515.975,943.7799999999993,1.8291196278889466,0.0609979148323049,0.5930620915562556,0.5283325,0.6538087577043195
6,agence_creative,G1,3,510.8,954.5299999999995,1.868696162881753,0.05991681727731455,0.5900428619924881,0.53425,0.6583493674352789
6,agence_creative,G1,4,513.1,1150.0,2.241278503215747,0.05869928194192129,0.5873112699001125,0.54192,0.6634630158439304
6,agence_creative,G1,5,516.665,1095.3699999999997,2.120077806702602,0.057578059643423024,0.5845365012747643,0.545985,0.6681721494976233
6,agence_creative,G1,6,536.795,1081.2899999999997,2.0143443959053267,0.05646829745694738,0.5820092544627019,0.5523775,0.6728331506808211
6,agence_creative,G1,7,512.455,1086.2699999999998,2.1197373427910735,0.055327779743794825,0.5794397453178881,0.5586525,0.6776233250760617
6,agence_creative,G1,8,499.95,1090.7699999999993,2.1817581758175804,0.054251916988315066,0.576905902196801,0.5637,0.6821419486490768
6,agence_creative,G1,9,515.655,1172.09,2.273011994453656,0.0531729958119352,0.5743540253221647,0.5719074999999999,0.6866734175898721
6,agence_creative,G1,10,477.195,992.7399999999993,2.0803654690430524,0.052098452777207205,0.5722467609330912,0.5765275,0.6911864983357296
6,agence_creative,G1,11,487.66,1064.3099999999997,2.1824836976582036,0.05111602395937418,0.5700252681172246,0.5835349999999999,0.6953126993706285
6,agence_creative,G1,12,474.98,1099.2799999999988,2.314371131416057,0.050079621383374205,0.5676749178334722,0.588755,0.6996655901898283
6,agence_creative,G1,13,490.98,1099.5599999999995,2.239520958083831,0.04904376400886624,0.5654994279157229,0.5934349999999999,0.7040161911627618
6,agence_creative,G1,14,472.13,1177.4799999999996,2.493974117298201,0.04809453677560599,0.563352801343512,0.600455,0.7080029455424548
6,agence_creative,G1,15,476.41,1120.2599999999998,2.35146197602905,0.047123941147136555,0.5614439173186477,0.6045725000000001,0.7120794471820264
6,agence_creative,G1,16,485.825,1061.2999999999997,2.1845314670920595,0.046206458012336776,0.5596287139455003,0.61063,0.7159328763481855
6,agence_creative,G1,17,452.145,925.209999999998,2.0462683431200124,0.045242055731901785,0.5579584156490085,0.6164850000000001,0.7199833659260125
6,agence_creative,G1,18,449.26,1269.8199999999993,2.8264701954324876,0.0444014745034334,0.5561273367854938,0.6194,0.7235138070855797
6,agence_creative,G1,19,466.89,1076.2899999999997,2.3052324958769725,0.043487281001825584,0.5545217999206052,0.624805,0.7273534197923326
6,agence_creative,G1,20,462.44,1203.109999999999,2.6016564311045736,0.04267731440246543,0.5530507043940215,0.62846,0.7307552795096453
6,agence_creative,G2,1,600.88,940.7999999999993,1.5657036346691506,0.06216109808594416,0.5982425901306461,0.3810025,0.5098683763163844
6,agence_creative,G2,2,592.27,982.2899999999997,1.6585172303172535,0.061480738296394416,0.5969849268580373,0.385535,0.5121135636218984
6,agence_creative,G2,3,590.935,896.2999999999997,1.5167488810106016,0.06071367187094014,0.595827188849637,0.3888175,0.5146448828258976
6,agence_creative,G2,4,592.23,1039.2099999999998,1.7547405568782395,0.059875248554223326,0.5950514113974886,0.3942125,0.5174116797710631
6,agence_creative,G2,5,593.99,1016.0,1.7104665061701376,0.05915121088617506,0.5941269478631935,0.395865,0.5198010040756224
6,agence_creative,G2,6,604.55,955.3499999999997,1.580266313787114,0.05843220542679565,0.593016527881924,0.3984700000000001,0.5221737220915744
6,agence_creative,G2,7,593.78,1040.2099999999998,1.75184411734986,0.057710998091680635,0.5921018741308496,0.4022925,0.5245537062974539
6,agence_creative,G2,8,581.035,1020.0999999999999,1.7556601581660312,0.05696556170399306,0.5909501902156171,0.40452,0.5270136463768229
6,agence_creative,G2,9,595.88,995.0199999999991,1.6698328522521297,0.056240719611773474,0.589994066850374,0.40974999999999995,0.5294056252811477
6,agence_creative,G2,10,564.195,919.3699999999997,1.629525252793803,0.05551402217994795,0.5893871085203162,0.4124875,0.5318037268061718
6,agence_creative,G2,11,566.55,972.1099999999999,1.7158414967787485,0.05474888314146476,0.5885015999946148,0.4175425,0.5343286856331663
6,agence_creative,G2,12,568.125,1055.11,1.857179317931793,0.05397876298178396,0.5878241094668074,0.4195875,0.5368700821601131
6,agence_creative,G2,13,576.965,1022.2299999999998,1.771736587141334,0.053331424064065276,0.5869951085936314,0.42157749999999994,0.5390063005885847
6,agence_creative,G2,14,565.07,1074.8699999999992,1.9021891093138887,0.05274198523863365,0.5864139456208043,0.4258175,0.5409514487125091
6,agence_creative,G2,15,567.85,1045.2099999999998,1.8406445364092625,0.05206473126495226,0.5856823974733277,0.42886250000000004,0.5431863868256577
6,agence_creative,G2,16,576.095,966.7599999999993,1.678126003523723,0.05157928665535425,0.5848833350132112,0.43077,0.5447883540373311
6,agence_creative,G2,17,547.095,911.5399999999986,1.666145733373543,0.051015756229054625,0.5844183939039734,0.43404,0.5466480044441198
6,agence_creative,G2,18,551.97,1144.03,2.072630758918057,0.050438973997338925,0.5839111516747902,0.4365675,0.5485513858087816
6,agence_creative,G2,19,564.795,990.2799999999997,1.7533441337122315,0.04992414627999579,0.5836686893426035,0.4383725,0.5502503172760139
6,agence_creative,G2,20,559.06,1140.2599999999998,2.0396021893893317,0.04940650134364522,0.5831725244520372,0.439805,0.5519585455659708
7,backoffice_csp,baseline,1,1123.765,1415.4799999999987,1.2595871912721952,0.04976471511931317,0.44972075344165574,0.0,0.0
7,backoffice_csp,baseline,2,1127.395,1435.02,1.2728635482683532,0.04972453060203902,0.44977990583793653,0.0,0.0
7,backoffice_csp,baseline,3,1096.585,1354.02,1.2347606432697875,0.049721883932516475,0.4499594299617831,0.0,0.0
7,backoffice_csp,baseline,4,1096.5,1407.5899999999995,1.2837118103055172,0.04974361136332368,0.450246438665655,0.0,0.0
7,backoffice_csp,baseline,5,1115.845,1364.3699999999997,1.22272358616116,0.04974460448828582,0.45032777947740077,0.0,0.0
7,backoffice_csp,baseline,6,1094.605,1431.2099999999998,1.3075127557429391,0.04974890466740554,0.45021258571331757,0.0,0.0
7,backoffice_csp,baseline,7,1111.73,1351.3699999999997,1.215555935344013,0.0497741709642639,0.45023784818860585,0.0,0.0
7,backoffice_csp,baseline,8,1101.785,1361.2399999999998,1.235486052178964,0.04976059470825673,0.45001127710243544,0.0,0.0
7,backoffice_csp,baseline,9,1092.365,1358.1699999999998,1.243329839385187,0.049718241595792294,0.4499691181553737,0.0,0.0
7,backoffice_csp,baseline,10,1093.42,1416.5799999999995,1.2955497430081757,0.04981702903307719,0.44999874624820924,0.0,0.0
7,backoffice_csp,baseline,11,1106.67,1417.07,1.2804810828883044,0.04991325647065043,0.44992326286069073,0.0,0.0
7,backoffice_csp,baseline,12,1092.495,1365.05,1.2494794026517284,0.04979518388303625,0.44988282234838906,0.0,0.0
7,backoffice_csp,baseline,13,1106.43,1399.05,1.264472221469049,0.049791169773748124,0.44990248624651863,0.0,0.0
7,backoffice_csp,baseline,14,1091.3,1400.07,1.282937780628608,0.04980871418619387,0.4499230253141772,0.0,0.0
7,backoffice_csp,baseline,15,1106.52,1390.2599999999998,1.2564255503741457,0.049718287862540074,0.4497115275684628,0.0,0.0
7,backoffice_csp,baseline,16,1094.005,1400.1799999999998,1.279866179770659,0.04971192993884696,0.44965775072867786,0.0,0.0
7,backoffice_csp,baseline,17,1105.675,1407.3299999999997,1.272824292852782,0.04959263138402916,0.4496254585358706,0.0,0.0
7,backoffice_csp,baseline,18,1096.04,1370.07,1.250018247509215,0.049678626291717286,0.4496312595657315,0.0,0.0
7,backoffice_csp,baseline,19,1094.495,1378.2499999999998,1.2592565521085066,0.049762336081912294,0.44970885995356996,0.0,0.0
7,backoffice_csp,baseline,20,1096.685,1370.8399999999992,1.249985182618527,0.04979651651806574,0.4495993671736497,0.0,0.0
7,backoffice_csp,G0,1,534.65,1590.5799999999995,2.9749929860656494,0.04941860713442479,0.4364151888095292,0.73952,0.8529651036144336
7,backoffice_csp,G0,2,561.865,1547.2599999999989,2.7537931709574344,0.048727109937173704,0.42404439689446655,0.745515,0.8564917393204141
7,backoffice_csp,G0,3,519.825,1315.3599999999988,2.5303900351079665,0.04798322614305901,0.4124523403185446,0.7503974999999999,0.860285546670399
7,backoffice_csp,G0,4,531.26,1662.5499999999986,3.12944697511576,0.04717959700826731,0.4016569252006779,0.7565525,0.8643840552578368
7,backoffice_csp,G0,5,543.165,1630.3599999999997,3.001592517927333,0.04633362724899674,0.39145769186268065,0.7607300000000001,0.8686985010301166
7,backoffice_csp,G0,6,572.235,1695.2299999999998,2.9624717117967263,0.04547747463279556,0.3818224365135897,0.7668424999999999,0.8730648793727426
7,backoffice_csp,G0,7,523.655,1381.08,2.637385301391183,0.04473934765300035,0.3726666011661323,0.7713249999999999,0.8768293269696982
7,backoffice_csp,G0,8,524.205,1743.7999999999993,3.3265611735866676,0.04396320873520995,0.36417531981461293,0.7761475000000001,0.8807876354504292
7,backoffice_csp,G0,9,539.995,1850.04,3.4260317225159493,0.04312607718245193,0.35578932070154307,0.7821199999999999,0.8850570063694951
7,backoffice_csp,G0,10,497.91,1517.3799999999997,3.047498543913558,0.042276414586836314,0.34847215620258637,0.7878450000000001,0.8893902856071348
7,backoffice_csp,G0,11,514.49,1711.1399999999999,3.3258955470465894,0.04156101163742009,0.34119402990280023,0.7914399999999999,0.8930388406491576
7,backoffice_csp,G0,12,490.625,1688.2299999999998,3.4409783439490442,0.04069581647938478,0.334361306444182,0.7977474999999999,0.8974513359551376
7,backoffice_csp,G0,13,544.18,1784.7799999999993,3.2797603734058574,0.03987582880832489,0.3279630813949412,0.8022450000000001,0.9016332730775432
7,backoffice_csp,G0,14,471.365,1850.01,3.924792888738027,0.0390576015737409,0.3220801590205947,0.8093375,0.9058062319739215
7,backoffice_csp,G0,15,517.855,1879.04,3.6285060489905474,0.03830347047070205,0.3162795590000452,0.8143575,0.9096523005994195
7,backoffice_csp,G0,16,486.015,1558.4499999999996,3.2065882740244636,0.03757044793419513,0.31127679264423663,0.8189124999999998,0.9133907155356047
7,backoffice_csp,G0,17,472.835,1426.6799999999985,3.0172893292586176,0.036849335187164184,0.30669304413641896,0.8244925000000001,0.9170683905454626
7,backoffice_csp,G0,18,451.01,1722.05,3.8182080219950776,0.03626068181847414,0.3018803789291073,0.8277549999999999,0.9200705227257819
7,backoffice_csp,G0,19,483.455,1551.4099999999996,3.209006008832259,0.03551177829467348,0.2978141529531366,0.8316300000000001,0.9238899306971652
7,backoffice_csp,G0,20,508.65,1878.3699999999997,3.69285363216357,0.03481587646279214,0.29379748730281885,0.8367000000000001,0.9274390300397599
7,backoffice_csp,G1,1,574.815,1562.4599999999996,2.7181962892408853,0.049524289698758224,0.43732226393900264,0.6886150000000001,0.8022834094459605
7,backoffice_csp,G1,2,600.845,1554.8599999999992,2.5877888640165088,0.048976186464411715,0.4257884078678779,0.6933275000000001,0.804914304970824
7,backoffice_csp,G1,3,564.69,1299.5599999999986,2.3013688926667704,0.048393553582568624,0.4150379868331213,0.69715,0.8077109428036705
7,backoffice_csp,G1,4,575.525,1614.3499999999988,2.805004126666954,0.047793842227331934,0.40496861407380386,0.70194,0.8105895573088069
7,backoffice_csp,G1,5,589.365,1606.1,2.725136375590678,0.04709425941972557,0.39547800186474247,0.7050749999999999,0.8139475547853174
7,backoffice_csp,G1,6,617.49,1660.3299999999997,2.6888370661873062,0.046411819902797774,0.3864006372909984,0.7097825,0.8172232644665707
7,backoffice_csp,G1,7,574.53,1370.2199999999998,2.3849407341653177,0.04577168691735888,0.3778826407161675,0.7134,0.8202959027966774
7,backoffice_csp,G1,8,576.42,1702.7299999999993,2.95397453245897,0.04513752457506753,0.3698753516705145,0.7160475,0.8233398820396761
7,backoffice_csp,G1,9,592.075,1803.05,3.045306760123295,0.04440362047195086,0.36204815191122763,0.7220099999999999,0.826862621734636
7,backoffice_csp,G1,10,551.525,1500.02,2.719767916232265,0.04364517127961418,0.3552480531194078,0.7268225000000001,0.830503177857852
7,backoffice_csp,G1,11,571.365,1655.1399999999999,2.8968172709213897,0.0429564566188547,0.3483760555389729,0.7307250000000001,0.8338090082294974
7,backoffice_csp,G1,12,552.1,1635.8499999999992,2.962959608766526,0.042188151979920444,0.3418361342530579,0.7352150000000001,0.837496870496382
7,backoffice_csp,G1,13,601.1,1760.6699999999994,2.9290800199633993,0.041507712250284275,0.3357652613760119,0.7389875,0.8407629811986355
7,backoffice_csp,G1,14,536.22,1802.2199999999998,3.3609712431464693,0.04084577836784877,0.33008430175649184,0.7454275,0.8439402638343259
7,backoffice_csp,G1,15,578.67,1814.3599999999997,3.1353966855029634,0.040154307372276744,0.32462047585465537,0.7489250000000002,0.8472593246130716
7,backoffice_csp,G1,16,553.795,1542.5799999999995,2.785471158100018,0.039577582248985256,0.31972489293096773,0.7528725000000001,0.8500276052048708
7,backoffice_csp,G1,17,541.485,1419.3999999999987,2.621309916248832,0.03894557939082628,0.31534294180808703,0.756785,0.8530612189240339
7,backoffice_csp,G1,18,523.295,1681.01,3.212356319093437,0.03839248696830988,0.31081551874982766,0.7587900000000001,0.8557160625521126
7,backoffice_csp,G1,19,556.535,1520.7099999999994,2.732460671835553,0.037739108738661355,0.3068735278279475,0.7624275,0.8588522780544255
7,backoffice_csp,G1,20,578.735,1840.4199999999996,3.18007378160989,0.03711942232774034,0.3032330978377296,0.7667824999999999,0.8618267728268464
7,backoffice_csp,G2,1,591.215,1537.9099999999992,2.6012702654702586,0.04966064344271956,0.44370861537491885,0.6677025000000001,0.7815881886880726
7,backoffice_csp,G2,2,613.97,1549.7099999999994,2.52408098115543,0.049390102972615056,0.4381005441991059,0.6712425000000001,0.7828543180881615
7,backoffice_csp,G2,3,579.47,1287.4499999999987,2.2217716188931242,0.04907352173368779,0.4328419904196474,0.672735,0.7843359182863412
7,backoffice_csp,G2,4,590.13,1589.3999999999987,2.693304865029737,0.048807243626981765,0.42784706135187917,0.6750875,0.7855820998257255
7,backoffice_csp,G2,5,598.82,1547.7299999999993,2.5846331117865122,0.0484786605788749,0.4231546265527994,0.6758575,0.7871198684908655
7,backoffice_csp,G2,6,623.46,1625.2099999999998,2.606759054309819,0.04817973620442442,0.4184074866436087,0.677825,0.7885188345632937
7,backoffice_csp,G2,7,587.98,1354.09,2.3029524813769173,0.047877844980123735,0.41400418844943687,0.679535,0.7899316854930208
7,backoffice_csp,G2,8,587.49,1671.3199999999997,2.8448484229518796,0.047481544292584985,0.40954610573635775,0.6811274999999999,0.7917863727107024
7,backoffice_csp,G2,9,606.345,1753.05,2.89117581574846,0.04710705429658692,0.40540691071793633,0.6846799999999998,0.7935389858919732
7,backoffice_csp,G2,10,567.545,1454.11,2.5621052075165847,0.04674377559349873,0.4017973855449339,0.686405,0.795239130222426
7,backoffice_csp,G2,11,581.51,1613.2099999999998,2.7741741328609995,0.04638284747430376,0.3981385385894587,0.6894224999999998,0.7969282738202585
7,backoffice_csp,G2,12,563.895,1547.5799999999986,2.7444471045141356,0.04591945170296911,0.3946533962721243,0.691875,0.7990969660301047
7,backoffice_csp,G2,13,612.815,1716.4299999999996,2.800894233985786,0.04558258321162437,0.39144699657499593,0.6931649999999999,0.8006735105695979
7,backoffice_csp,G2,14,556.25,1793.09,3.223532584269663,0.04517245087638153,0.38830096957003263,0.698295,0.8025929298985345
7,backoffice_csp,G2,15,595.935,1757.05,2.9483920226199167,0.04478639891176631,0.38527332214456256,0.69887,0.8043996530929337
7,backoffice_csp,G2,16,571.2,1465.4799999999996,2.5656162464985983,0.0445382922815712,0.3825022115254598,0.701615,0.8055607921222468
7,backoffice_csp,G2,17,560.235,1400.7599999999984,2.500307906503518,0.04414356897605911,0.3798011942646887,0.7037475,0.8074080971920433
7,backoffice_csp,G2,18,543.825,1633.2199999999998,3.003208752815703,0.043806410119994886,0.37747505802365217,0.704335,0.808986000638424
7,backoffice_csp,G2,19,578.82,1478.5899999999995,2.5544901696555047,0.0435211578263001,0.37524534011185556,0.7053875,0.8103209813729155
7,backoffice_csp,G2,20,600.53,1776.2299999999998,2.9577706359382545,0.04323406422209338,0.3728551455914703,0.7077350000000001,0.811664579440603
8,admin_concours,baseline,1,868.495,1203.1,1.3852699209552155,0.02614348137688134,0.5750487257393305,0.0,0.0
8,admin_concours,baseline,2,871.69,1191.6099999999994,1.3670112081129753,0.027055394356778804,0.575265693592636,0.0,0.0
8,admin_concours,baseline,3,851.385,1193.12,1.4013871515236935,0.02798724157777028,0.5752398171303581,0.0,0.0
8,admin_concours,baseline,4,846.405,1224.06,1.4461871090080989,0.028880586634843528,0.5754617679864333,0.0,0.0
8,admin_concours,baseline,5,862.145,1159.07,1.3444026236885906,0.029683125018781734,0.5755262174588436,0.0,0.0
8,admin_concours,baseline,6,848.38,1247.04,1.469907352837172,0.030427406931240967,0.5754068266102447,0.0,0.0
8,admin_concours,baseline,7,864.36,1157.3399999999997,1.3389559905594888,0.03122586197137692,0.5753341366439625,0.0,0.0
8,admin_concours,baseline,8,845.565,1173.2299999999998,1.387510126365211,0.03191622626625369,0.5752863736883811,0.0,0.0
8,admin_concours,baseline,9,854.175,1216.09,1.4237012321831006,0.03260550268110711,0.5752577213366322,0.0,0.0
8,admin_concours,baseline,10,852.185,1206.3799999999997,1.415631582344209,0.03333772433914338,0.5753400651723459,0.0,0.0
8,admin_concours,baseline,11,852.7,1180.2599999999998,1.384144482232907,0.034008155210563426,0.5752429840626783,0.0,0.0
8,admin_concours,baseline,12,838.315,1132.7099999999994,1.3511746777762528,0.03459030199978955,0.575204997360789,0.0,0.0
8,admin_concours,baseline,13,851.695,1233.01,1.447713089779792,0.035143705618438464,0.5750747012879354,0.0,0.0
8,admin_concours,baseline,14,846.01,1213.3199999999997,1.434167444829257,0.03572359867725801,0.5752718240415677,0.0,0.0
8,admin_concours,baseline,15,853.12,1176.2999999999997,1.378821267816954,0.03620087377548478,0.5749584770180224,0.0,0.0
8,admin_concours,baseline,16,843.49,1139.1599999999999,1.350531719403905,0.036784862359531295,0.5749985596903227,0.0,0.0
8,admin_concours,baseline,17,858.795,1164.05,1.3554457117239853,0.03724661897328069,0.5750196765436487,0.0,0.0
8,admin_concours,baseline,18,833.96,1112.1699999999998,1.3336011319487744,0.037826978326709976,0.5749182958750845,0.0,0.0
8,admin_concours,baseline,19,845.035,1158.05,1.370416609962901,0.03831258686510805,0.575020345139599,0.0,0.0
8,admin_concours,baseline,20,841.4,1145.1,1.360946042310435,0.038820662697093174,0.57507401451114,0.0,0.0
8,admin_concours,G0,1,497.27,1811.1599999999999,3.6422064472017213,0.025793875321167628,0.5654251615221542,0.8364199999999999,0.9161893984583953
8,admin_concours,G0,2,576.13,1859.3199999999997,3.2272577369690865,0.026121462752102174,0.5565745987747881,0.8351075,0.9146169787899098
8,admin_concours,G0,3,529.745,1817.07,3.4300842858356377,0.026261901459377554,0.5480098380967295,0.8336975000000001,0.9139428729949879
8,admin_concours,G0,4,520.275,1829.1799999999998,3.515794531738023,0.02635971499536552,0.5399809149690001,0.8338424999999999,0.9134733680222454
8,admin_concours,G0,5,518.995,1837.04,3.53961020819083,0.02633351048805212,0.5324782747279966,0.8335825000000001,0.9135991496573499
8,admin_concours,G0,6,565.21,1850.0,3.2731197254117936,0.026262645434069788,0.5254098743401384,0.8345175,0.9139393019164652
8,admin_concours,G0,7,524.955,1786.6799999999994,3.4034917278623866,0.026240216225238422,0.5184781405084621,0.834565,0.9140469621188556
8,admin_concours,G0,8,507.53,1842.12,3.6295785470809605,0.026150820536546028,0.5121784408255707,0.834045,0.9144760614245792
8,admin_concours,G0,9,512.965,1830.1699999999998,3.56782626494985,0.026013085055951644,0.5057749445903975,0.8363499999999999,0.9151371917314322
8,admin_concours,G0,10,510.28,1846.1499999999999,3.6179156541506625,0.025869040364365263,0.5003780904613239,0.837455,0.9158286062510467
8,admin_concours,G0,11,505.505,1851.03,3.661744196397662,0.025752316527653578,0.4948911020416981,0.8374425,0.916388880667263
8,admin_concours,G0,12,483.69,1857.07,3.8393805950092,0.025527583297584665,0.48980543678522587,0.83856,0.9174676001715938
8,admin_concours,G0,13,547.165,1836.12,3.3556970931985783,0.025246040988749135,0.4847537444629809,0.8403575,0.9188190032540041
8,admin_concours,G0,14,491.95,1829.1299999999999,3.7181217603414978,0.025088685348729975,0.480186822050011,0.842645,0.919574310326096
8,admin_concours,G0,15,542.78,1852.3199999999997,3.4126533770588448,0.02498590623406173,0.47561787748100204,0.8429175000000001,0.9200676500765037
8,admin_concours,G0,16,484.28,1834.3899999999996,3.787870653341042,0.0247821191628434,0.4717325806601977,0.84451,0.9210458280183517
8,admin_concours,G0,17,486.185,1854.1499999999999,3.8136717504653577,0.024677308512574006,0.46815466855634263,0.845845,0.9215489191396449
8,admin_concours,G0,18,495.145,1703.11,3.439618697553242,0.024534412552570162,0.46433685941397246,0.8464050000000001,0.9222348197476633
8,admin_concours,G0,19,532.945,1874.01,3.51632907710927,0.024309122602925476,0.4611286930726967,0.847055,0.9233162115059577
8,admin_concours,G0,20,548.88,1873.1399999999999,3.4126585045911675,0.02409979532296793,0.45793829091421856,0.8486925,0.924320982449754
8,admin_concours,G1,1,548.02,1702.12,3.1059450385022442,0.025898591867235934,0.5667460948707975,0.7209075,0.8012259141576091
8,admin_concours,G1,2,615.53,1773.2799999999997,2.880899387519698,0.026343803818691603,0.559092649565901,0.7195124999999999,0.7993560239614953
8,admin_concours,G1,3,576.595,1710.05,2.965773203028122,0.026650178170889046,0.5517442690246841,0.7179875,0.798069251682266
8,admin_concours,G1,4,572.955,1707.1,2.97946610117723,0.026919186065767882,0.5448138766867103,0.7169625,0.7969394185237748
8,admin_concours,G1,5,573.505,1691.1999999999998,2.9488844909808978,0.027031265189437405,0.5383227997302471,0.715885,0.7964686862043628
8,admin_concours,G1,6,614.03,1721.3599999999997,2.8033809422992357,0.027112488096050394,0.5321318695929006,0.7150124999999999,0.7961275499965883
8,admin_concours,G1,7,583.46,1678.2099999999998,2.8763068590820273,0.02720571207982552,0.5261776532449699,0.7146975000000001,0.7957360092647329
8,admin_concours,G1,8,569.855,1704.3999999999996,2.9909362908108195,0.027261432259469656,0.5206317589743731,0.7130225,0.7955019845102274
8,admin_concours,G1,9,576.13,1719.07,2.9838230954819225,0.027217536969676822,0.5150928856759189,0.7152250000000001,0.7956863447273572
8,admin_concours,G1,10,572.16,1719.04,3.004474272930649,0.027207347779589105,0.5104117855474753,0.7152575,0.7957291393257256
8,admin_concours,G1,11,572.585,1699.6699999999994,2.9684151698001155,0.027160386473908088,0.5056141386939647,0.7149975000000001,0.795926376809586
8,admin_concours,G1,12,555.68,1741.1899999999998,3.133440109415491,0.027036760310045375,0.5010681328488765,0.7155275,0.7964456066978093
8,admin_concours,G1,13,608.92,1728.02,2.8378440517637786,0.026897562748027175,0.4966174997937239,0.7157224999999999,0.7970302364582857
8,admin_concours,G1,14,563.92,1707.1,3.0272024400624202,0.026876377852648754,0.4925012268138665,0.7178825000000001,0.7971192130188753
8,admin_concours,G1,15,608.33,1715.7399999999993,2.8204099748491758,0.026842041009810115,0.4884585058558194,0.7173025000000002,0.7972634277587975
8,admin_concours,G1,16,561.04,1724.03,3.0729181520034223,0.02675420872268822,0.484834702273223,0.7188625000000001,0.7976323233647094
8,admin_concours,G1,17,561.815,1729.3399999999997,3.0781307013874666,0.026711750165628895,0.48168725890886194,0.7190274999999999,0.7978106493043586
8,admin_concours,G1,18,572.05,1608.1399999999999,2.8111878332313607,0.02664932120485279,0.4782626447790254,0.7177425,0.7980728509396181
8,admin_concours,G1,19,610.405,1744.11,2.8572996617000186,0.026526053579794717,0.47543156550372,0.7183674999999999,0.7985905749648622
8,admin_concours,G1,20,620.24,1742.2799999999997,2.8090416612924023,0.0263958315900171,0.4727262236554101,0.7191300000000002,0.799137507321928
8,admin_concours,G2,1,621.305,1509.08,2.4288875833930197,0.025954419899469484,0.5718742938418424,0.5481275000000001,0.6293504143317508
8,admin_concours,G2,2,669.475,1637.1899999999998,2.4454834011725604,0.0265725106639708,0.5690488048539449,0.5468550000000001,0.6273107148088964
8,admin_concours,G2,3,647.1,1511.01,2.3350486787204447,0.027086611322513898,0.5661749207351066,0.5449725,0.6256141826357041
8,admin_concours,G2,4,642.785,1498.4099999999996,2.331121603646631,0.02757103951567309,0.5636257228802102,0.543775,0.6240155695982789
8,admin_concours,G2,5,639.69,1479.7299999999993,2.313198580562459,0.02795112943522037,0.5611421328967802,0.5406875,0.6227612728637728
8,admin_concours,G2,6,669.16,1557.3899999999996,2.3273805965688323,0.028232519999915617,0.558663776735035,0.5388375,0.6218326840002786
8,admin_concours,G2,7,649.11,1452.1399999999999,2.237124678405817,0.028586413300712363,0.5560916361311604,0.5372675,0.6206648361076492
8,admin_concours,G2,8,637.57,1506.12,2.3622817886663423,0.028809129299968424,0.5538278372876344,0.53526,0.6199298733101043
8,admin_concours,G2,9,642.09,1540.1699999999998,2.3986824276970515,0.02904388014106786,0.5517431279988042,0.5366275,0.6191551955344762
8,admin_concours,G2,10,635.555,1488.7299999999993,2.3424093902179974,0.029346647780689447,0.5500384072110222,0.5341175,0.618156062323725
8,admin_concours,G2,11,636.605,1466.4499999999996,2.303547725826846,0.02953168577014522,0.5480424397301519,0.533795,0.6175454369585208
8,admin_concours,G2,12,630.57,1563.08,2.478836608148183,0.02971387936366459,0.5461845478659153,0.5321875,0.6169441980999069
8,admin_concours,G2,13,671.545,1500.1399999999999,2.2338637023579953,0.02985258702571761,0.5443660617305142,0.5308475,0.616486462815132
8,admin_concours,G2,14,636.64,1495.01,2.348281603417944,0.02997138092972539,0.5426061060984945,0.5320575,0.6160944429319062
8,admin_concours,G2,15,665.01,1509.2799999999997,2.269559856242763,0.0301416314384032,0.5409605586563679,0.53057,0.6155326162532695
8,admin_concours,G2,16,635.27,1494.12,2.3519448423504965,0.030383465048503432,0.5395470644526665,0.529485,0.6147345653399386
8,admin_concours,G2,17,626.24,1556.5299999999995,2.4855167347981597,0.030510099010460968,0.5380184434674216,0.5295575,0.6143166732654788
8,admin_concours,G2,18,645.665,1422.06,2.2024734188782107,0.030620200173562498,0.5365417984392689,0.5278925,0.6139533394272437
8,admin_concours,G2,19,671.17,1489.2299999999998,2.218856623508202,0.030675974944759626,0.5355137021698205,0.5280425,0.6137692826822932
8,admin_concours,G2,20,678.8,1507.1299999999999,2.2202857984678843,0.0307516195710811,0.5343149152184661,0.52613,0.6135196554154324
